-- phpMyAdmin SQL Dump
-- version 4.1.14
-- http://www.phpmyadmin.net
--
-- Host: 127.0.0.1
-- Generation Time: Jul 31, 2019 at 07:44 AM
-- Server version: 5.6.17
-- PHP Version: 5.5.12

SET SQL_MODE = "NO_AUTO_VALUE_ON_ZERO";
SET time_zone = "+00:00";


/*!40101 SET @OLD_CHARACTER_SET_CLIENT=@@CHARACTER_SET_CLIENT */;
/*!40101 SET @OLD_CHARACTER_SET_RESULTS=@@CHARACTER_SET_RESULTS */;
/*!40101 SET @OLD_COLLATION_CONNECTION=@@COLLATION_CONNECTION */;
/*!40101 SET NAMES utf8 */;

--
-- Database: `gms_db`
--

-- --------------------------------------------------------

--
-- Table structure for table `menu_place`
--

DROP TABLE IF EXISTS `menu_place`;
CREATE TABLE IF NOT EXISTS `menu_place` (
  `mp_id` int(11) NOT NULL AUTO_INCREMENT,
  `mp_title` varchar(200) COLLATE latin1_general_ci NOT NULL,
  `mp_abv` char(2) COLLATE latin1_general_ci NOT NULL,
  `mp_status` char(1) COLLATE latin1_general_ci NOT NULL,
  PRIMARY KEY (`mp_id`)
) ENGINE=MyISAM  DEFAULT CHARSET=latin1 COLLATE=latin1_general_ci AUTO_INCREMENT=7 ;

--
-- Dumping data for table `menu_place`
--

INSERT INTO `menu_place` (`mp_id`, `mp_title`, `mp_abv`, `mp_status`) VALUES
(1, 'Top Navigation', 'T', 'A'),
(2, 'Left Navigation', 'L', 'A'),
(3, 'Footer Navigation', 'F', 'A'),
(4, 'Hidden', 'H', 'A'),
(5, 'Legal', 'L', 'A'),
(6, 'Top & Bottom', 'TB', 'A');

-- --------------------------------------------------------

--
-- Table structure for table `tblgroup`
--

DROP TABLE IF EXISTS `tblgroup`;
CREATE TABLE IF NOT EXISTS `tblgroup` (
  `grp_id` int(3) NOT NULL AUTO_INCREMENT,
  `mod_id` int(11) NOT NULL,
  `typ_id` int(3) NOT NULL,
  `grp_permission` char(4) NOT NULL,
  PRIMARY KEY (`grp_id`),
  KEY `link_id` (`mod_id`,`typ_id`),
  KEY `typ_id` (`typ_id`)
) ENGINE=MyISAM  DEFAULT CHARSET=utf8 AUTO_INCREMENT=1697 ;

--
-- Dumping data for table `tblgroup`
--

INSERT INTO `tblgroup` (`grp_id`, `mod_id`, `typ_id`, `grp_permission`) VALUES
(1, 2, 1, 'Y'),
(1314, 1, 22, 'Y'),
(1129, 76, 2, 'N'),
(1010, 3, 2, 'N'),
(1009, 3, 1, 'N'),
(185, 5, 2, 'N'),
(184, 5, 1, 'N'),
(451, 7, 2, 'N'),
(450, 7, 1, 'N'),
(192, 8, 1, 'N'),
(193, 8, 2, 'N'),
(840, 9, 2, 'Y'),
(58, 10, 2, 'N'),
(57, 10, 1, 'N'),
(893, 11, 1, 'N'),
(894, 11, 2, 'N'),
(40, 12, 2, 'N'),
(39, 12, 1, 'N'),
(100, 13, 2, 'N'),
(99, 13, 1, 'N'),
(73, 14, 2, 'N'),
(72, 14, 1, 'N'),
(79, 16, 2, 'N'),
(78, 16, 1, 'N'),
(94, 17, 2, 'N'),
(93, 17, 1, 'N'),
(88, 18, 2, 'N'),
(87, 18, 1, 'N'),
(91, 19, 2, 'N'),
(90, 19, 1, 'N'),
(430, 20, 1, 'N'),
(431, 20, 2, 'N'),
(124, 21, 2, 'N'),
(123, 21, 1, 'N'),
(127, 22, 2, 'N'),
(126, 22, 1, 'N'),
(170, 23, 2, 'Y'),
(162, 24, 2, 'Y'),
(161, 24, 1, 'Y'),
(154, 25, 2, 'Y'),
(153, 25, 1, 'Y'),
(189, 26, 2, 'N'),
(188, 26, 1, 'N'),
(169, 23, 1, 'Y'),
(1313, 1, 21, 'Y'),
(173, 27, 1, 'N'),
(174, 27, 2, 'N'),
(1559, 28, 1, 'N'),
(1560, 28, 2, 'N'),
(459, 30, 2, 'N'),
(458, 30, 1, 'N'),
(522, 15, 1, 'Y'),
(523, 15, 2, 'N'),
(326, 31, 1, 'N'),
(327, 31, 2, 'N'),
(322, 32, 1, 'N'),
(323, 32, 2, 'N'),
(330, 34, 1, 'Y'),
(331, 34, 2, 'Y'),
(398, 35, 1, 'N'),
(399, 35, 2, 'N'),
(519, 36, 2, 'N'),
(518, 36, 1, 'Y'),
(394, 37, 1, 'N'),
(395, 37, 2, 'N'),
(390, 38, 1, 'N'),
(391, 38, 2, 'N'),
(386, 39, 1, 'N'),
(387, 39, 2, 'N'),
(382, 40, 1, 'N'),
(383, 40, 2, 'N'),
(446, 41, 1, 'N'),
(447, 41, 2, 'N'),
(471, 42, 2, 'Y'),
(470, 42, 1, 'Y'),
(474, 43, 1, 'N'),
(475, 43, 2, 'N'),
(514, 44, 1, 'Y'),
(515, 44, 2, 'N'),
(490, 45, 1, 'Y'),
(491, 45, 2, 'Y'),
(498, 33, 1, 'Y'),
(499, 33, 2, 'Y'),
(502, 46, 1, 'Y'),
(503, 46, 2, 'Y'),
(506, 47, 1, 'Y'),
(507, 47, 2, 'Y'),
(510, 48, 1, 'Y'),
(511, 48, 2, 'Y'),
(641, 49, 1, 'N'),
(642, 49, 2, 'N'),
(538, 53, 1, 'Y'),
(539, 53, 2, 'Y'),
(605, 54, 1, 'N'),
(606, 54, 2, 'N'),
(623, 56, 1, 'N'),
(624, 56, 2, 'N'),
(839, 9, 1, 'Y'),
(776, 57, 1, 'N'),
(777, 57, 2, 'N'),
(903, 55, 2, 'N'),
(902, 55, 1, 'N'),
(822, 52, 2, 'Y'),
(821, 52, 1, 'Y'),
(1026, 29, 2, 'Y'),
(1025, 29, 1, 'Y'),
(813, 58, 2, 'N'),
(812, 58, 1, 'N'),
(795, 59, 2, 'N'),
(794, 59, 1, 'N'),
(786, 60, 2, 'N'),
(785, 60, 1, 'N'),
(804, 61, 2, 'N'),
(803, 61, 1, 'N'),
(741, 62, 2, 'N'),
(740, 62, 1, 'Y'),
(750, 63, 2, 'N'),
(749, 63, 1, 'Y'),
(956, 64, 1, 'N'),
(957, 64, 2, 'N'),
(1124, 78, 1, 'N'),
(1125, 78, 2, 'N'),
(1120, 77, 1, 'N'),
(1128, 76, 1, 'N'),
(1121, 77, 2, 'N'),
(1144, 6, 1, 'N'),
(1145, 6, 2, 'N'),
(866, 65, 1, 'Y'),
(867, 65, 2, 'Y'),
(911, 66, 1, 'Y'),
(912, 66, 2, 'Y'),
(920, 67, 1, 'Y'),
(921, 67, 2, 'Y'),
(929, 68, 1, 'Y'),
(930, 68, 2, 'Y'),
(938, 69, 1, 'Y'),
(939, 69, 2, 'Y'),
(947, 70, 1, 'Y'),
(948, 70, 2, 'Y'),
(965, 71, 1, 'Y'),
(966, 71, 2, 'Y'),
(1155, 82, 20, 'N'),
(1154, 82, 19, 'N'),
(1153, 82, 2, 'Y'),
(1152, 82, 1, 'Y'),
(1112, 81, 1, 'N'),
(1113, 81, 2, 'N'),
(1114, 81, 19, 'N'),
(974, 72, 1, 'Y'),
(975, 72, 2, 'Y'),
(1115, 81, 20, 'N'),
(1140, 75, 1, 'N'),
(1141, 75, 2, 'N'),
(1258, 79, 22, 'N'),
(1257, 79, 21, 'N'),
(1256, 79, 20, 'Y'),
(1255, 79, 19, 'Y'),
(1137, 73, 2, 'N'),
(1136, 73, 1, 'N'),
(1133, 74, 2, 'N'),
(1132, 74, 1, 'N'),
(1142, 75, 19, 'N'),
(1143, 75, 20, 'N'),
(1117, 80, 2, 'N'),
(1116, 80, 1, 'N'),
(1118, 80, 19, 'N'),
(1119, 80, 20, 'N'),
(1122, 77, 19, 'N'),
(1123, 77, 20, 'N'),
(1126, 78, 19, 'N'),
(1127, 78, 20, 'N'),
(1130, 76, 19, 'N'),
(1131, 76, 20, 'N'),
(1134, 74, 19, 'N'),
(1135, 74, 20, 'N'),
(1138, 73, 19, 'N'),
(1139, 73, 20, 'N'),
(1146, 6, 19, 'N'),
(1147, 6, 20, 'N'),
(1267, 83, 1, 'N'),
(1268, 83, 2, 'N'),
(1269, 83, 19, 'N'),
(1270, 83, 20, 'N'),
(1260, 84, 1, 'N'),
(1261, 84, 2, 'N'),
(1262, 84, 19, 'N'),
(1263, 84, 20, 'N'),
(1279, 85, 22, 'N'),
(1278, 85, 21, 'N'),
(1277, 85, 20, 'Y'),
(1276, 85, 19, 'N'),
(1250, 86, 21, 'Y'),
(1249, 86, 20, 'N'),
(1248, 86, 19, 'N'),
(1247, 86, 2, 'Y'),
(1246, 86, 1, 'Y'),
(1280, 85, 23, 'N'),
(1205, 87, 21, 'N'),
(1204, 87, 20, 'N'),
(1203, 87, 19, 'N'),
(1202, 87, 2, 'Y'),
(1201, 87, 1, 'Y'),
(1312, 1, 20, 'Y'),
(1311, 1, 19, 'Y'),
(1310, 1, 2, 'Y'),
(1236, 88, 21, 'N'),
(1235, 88, 20, 'Y'),
(1234, 88, 19, 'N'),
(1233, 88, 2, 'Y'),
(1232, 88, 1, 'Y'),
(1206, 87, 22, 'Y'),
(1315, 1, 23, 'N'),
(1230, 89, 22, 'N'),
(1229, 89, 21, 'N'),
(1228, 89, 20, 'Y'),
(1227, 89, 19, 'N'),
(1226, 89, 2, 'Y'),
(1225, 89, 1, 'Y'),
(1254, 79, 2, 'Y'),
(1253, 79, 1, 'Y'),
(1231, 89, 23, 'Y'),
(1237, 88, 22, 'N'),
(1238, 88, 23, 'Y'),
(1275, 85, 2, 'Y'),
(1274, 85, 1, 'Y'),
(1251, 86, 22, 'N'),
(1252, 86, 23, 'Y'),
(1259, 79, 23, 'Y'),
(1264, 84, 21, 'N'),
(1265, 84, 22, 'N'),
(1266, 84, 23, 'Y'),
(1271, 83, 21, 'N'),
(1272, 83, 22, 'N'),
(1273, 83, 23, 'Y'),
(1434, 101, 23, 'N'),
(1433, 101, 22, 'N'),
(1432, 101, 21, 'N'),
(1431, 101, 20, 'N'),
(1430, 101, 19, 'N'),
(1429, 101, 2, 'Y'),
(1428, 101, 1, 'Y'),
(1309, 1, 1, 'Y'),
(1441, 102, 23, 'N'),
(1440, 102, 22, 'N'),
(1439, 102, 21, 'N'),
(1438, 102, 20, 'N'),
(1437, 102, 19, 'N'),
(1436, 102, 2, 'Y'),
(1435, 102, 1, 'Y'),
(1442, 103, 1, 'Y'),
(1443, 103, 2, 'Y'),
(1444, 103, 19, 'N'),
(1445, 103, 20, 'N'),
(1446, 103, 21, 'N'),
(1447, 103, 22, 'N'),
(1448, 103, 23, 'N'),
(1561, 28, 4, 'N'),
(1562, 28, 5, 'N'),
(1563, 28, 3, 'N'),
(1589, 123, 1, 'Y'),
(1590, 123, 2, 'Y'),
(1455, 104, 23, 'N'),
(1454, 104, 22, 'N'),
(1453, 104, 21, 'N'),
(1452, 104, 20, 'N'),
(1451, 104, 19, 'N'),
(1450, 104, 2, 'Y'),
(1449, 104, 1, 'Y'),
(1462, 105, 23, 'N'),
(1461, 105, 22, 'N'),
(1460, 105, 21, 'N'),
(1459, 105, 20, 'N'),
(1458, 105, 19, 'N'),
(1457, 105, 2, 'Y'),
(1456, 105, 1, 'Y'),
(1463, 106, 1, 'Y'),
(1464, 106, 2, 'Y'),
(1465, 106, 19, 'N'),
(1466, 106, 20, 'N'),
(1467, 106, 21, 'N'),
(1468, 106, 22, 'N'),
(1469, 106, 23, 'N'),
(1470, 107, 1, 'Y'),
(1471, 107, 2, 'Y'),
(1472, 107, 19, 'N'),
(1473, 107, 20, 'N'),
(1474, 107, 3, 'N'),
(1475, 107, 22, 'N'),
(1476, 107, 23, 'N'),
(1675, 126, 2, 'Y'),
(1674, 126, 1, 'Y'),
(1607, 108, 5, 'N'),
(1606, 108, 4, 'N'),
(1608, 108, 3, 'N'),
(1605, 108, 2, 'N'),
(1604, 108, 1, 'N'),
(1613, 109, 3, 'N'),
(1612, 109, 5, 'N'),
(1610, 109, 2, 'N'),
(1609, 109, 1, 'N'),
(1611, 109, 4, 'N'),
(1663, 110, 3, 'N'),
(1662, 110, 5, 'N'),
(1660, 110, 2, 'N'),
(1659, 110, 1, 'N'),
(1661, 110, 4, 'N'),
(1618, 111, 3, 'N'),
(1617, 111, 5, 'N'),
(1615, 111, 2, 'N'),
(1614, 111, 1, 'N'),
(1616, 111, 4, 'N'),
(1581, 112, 4, 'N'),
(1579, 112, 1, 'N'),
(1582, 112, 5, 'N'),
(1583, 112, 3, 'N'),
(1580, 112, 2, 'N'),
(1620, 113, 2, 'N'),
(1623, 113, 3, 'N'),
(1619, 113, 1, 'N'),
(1621, 113, 4, 'N'),
(1622, 113, 5, 'N'),
(1628, 114, 3, 'N'),
(1627, 114, 5, 'N'),
(1625, 114, 2, 'N'),
(1624, 114, 1, 'N'),
(1626, 114, 4, 'N'),
(1633, 115, 3, 'N'),
(1632, 115, 5, 'N'),
(1630, 115, 2, 'N'),
(1629, 115, 1, 'N'),
(1631, 115, 4, 'N'),
(1638, 116, 3, 'N'),
(1637, 116, 5, 'N'),
(1635, 116, 2, 'N'),
(1634, 116, 1, 'N'),
(1636, 116, 4, 'N'),
(1643, 117, 3, 'N'),
(1642, 117, 5, 'N'),
(1640, 117, 2, 'N'),
(1639, 117, 1, 'N'),
(1641, 117, 4, 'N'),
(1648, 118, 3, 'N'),
(1647, 118, 5, 'N'),
(1645, 118, 2, 'N'),
(1644, 118, 1, 'N'),
(1646, 118, 4, 'N'),
(1568, 119, 3, 'N'),
(1567, 119, 5, 'N'),
(1565, 119, 2, 'N'),
(1564, 119, 1, 'N'),
(1566, 119, 4, 'N'),
(1588, 120, 3, 'N'),
(1587, 120, 5, 'N'),
(1585, 120, 2, 'N'),
(1584, 120, 1, 'N'),
(1586, 120, 4, 'N'),
(1653, 121, 3, 'N'),
(1652, 121, 5, 'N'),
(1650, 121, 2, 'N'),
(1649, 121, 1, 'N'),
(1651, 121, 4, 'N'),
(1658, 122, 3, 'N'),
(1657, 122, 5, 'N'),
(1655, 122, 2, 'N'),
(1654, 122, 1, 'N'),
(1656, 122, 4, 'N'),
(1591, 123, 4, 'N'),
(1592, 123, 5, 'N'),
(1593, 123, 3, 'N'),
(1668, 124, 3, 'N'),
(1667, 124, 5, 'N'),
(1665, 124, 2, 'N'),
(1664, 124, 1, 'N'),
(1666, 124, 4, 'N'),
(1673, 125, 3, 'N'),
(1672, 125, 5, 'N'),
(1670, 125, 2, 'N'),
(1669, 125, 1, 'N'),
(1671, 125, 4, 'N'),
(1676, 126, 4, 'N'),
(1677, 126, 5, 'N'),
(1678, 126, 3, 'N'),
(1679, 127, 1, 'Y'),
(1680, 127, 2, 'Y'),
(1681, 127, 3, 'N'),
(1682, 128, 1, 'Y'),
(1683, 128, 2, 'Y'),
(1684, 128, 3, 'N'),
(1685, 129, 1, 'Y'),
(1686, 129, 2, 'Y'),
(1687, 129, 3, 'N'),
(1688, 129, 4, 'N'),
(1689, 130, 1, 'Y'),
(1690, 130, 2, 'Y'),
(1691, 130, 3, 'N'),
(1692, 130, 4, 'N'),
(1693, 131, 1, 'Y'),
(1694, 131, 2, 'Y'),
(1695, 131, 3, 'N'),
(1696, 131, 4, 'N');

-- --------------------------------------------------------

--
-- Table structure for table `tbllinks`
--

DROP TABLE IF EXISTS `tbllinks`;
CREATE TABLE IF NOT EXISTS `tbllinks` (
  `link_id` int(4) NOT NULL AUTO_INCREMENT,
  `link_name` varchar(254) NOT NULL DEFAULT '',
  `link_path` varchar(254) NOT NULL DEFAULT '',
  `link_font` text NOT NULL,
  `link_file` varchar(254) NOT NULL,
  `link_s` char(4) NOT NULL,
  `link_rank` int(11) NOT NULL,
  `link_img_path` varchar(255) NOT NULL,
  PRIMARY KEY (`link_id`)
) ENGINE=MyISAM  DEFAULT CHARSET=utf8 AUTO_INCREMENT=401 ;

--
-- Dumping data for table `tbllinks`
--

INSERT INTO `tbllinks` (`link_id`, `link_name`, `link_path`, `link_font`, `link_file`, `link_s`, `link_rank`, `link_img_path`) VALUES
(1, 'Home', 'index_admin.php', '<i class="fa fa-home dashboard_font_size"></i>', 'home.php', 'Y', 3, 'L48cfda5e8a91c_home.png'),
(2, 'Page Management', 'index_admin.php', '<i class="fa fa-check"></i>', 'add_links.php', 'Y', 4, 'L48cfda653b0cf_pagemanagement.png'),
(3, 'Edit Pages', 'index_admin.php', '<i class="fa fa-check"></i>', 'edit_links.php', 'N', 5, 'L48cfda78cf8e4_edit_page.png'),
(4, 'Module Management', 'index_admin.php', '<i class="fa fa-check"></i>', 'add_modules.php', 'Y', 6, 'L48cfda804f4c1_module_management.png'),
(5, 'Add Pages to Modules', 'index_admin.php', '<i class="fa fa-check"></i>', 'add_pages_modules.php', 'Y', 7, 'L48cfda9170142_archivero.png'),
(6, 'Attach Modules', 'index_admin.php', '<i class="fa fa-check"></i>', 'attach_module.php', 'Y', 8, 'L48cfda9f6426b_NetByte_Design_Studio_-_0047.png'),
(7, 'User Management', 'index_admin.php', '<i class="fa fa-check"></i>', 'add_users.php', 'Y', 10, 'L48cfdab124734_user_management.png'),
(8, 'Admin Roles', 'index_admin.php', '<i class="fa fa-check"></i>', 'add_roles.php', 'Y', 9, 'L48cfdaa70a2c7_admin_rule.png'),
(9, 'Edit User', 'index_admin.php', '<i class="fa fa-check"></i>', 'edit_users.php', 'N', 11, 'L48cfdac428947_NetByte_Design_Studio_-_0529.png'),
(10, 'Change Password', 'index_admin.php', '<i class="fa fa-lock dashboard_font_size"></i>', 'change_pwd.php', 'Y', 12, 'L48cfdacb10b0c_change_passward.png'),
(11, 'Menu Management', 'index_admin.php', '<i class="fa fa-check"></i>', 'add_menu.php', 'Y', 13, 'L48cfdad202256_menu_management.png'),
(12, 'Content Management', 'index_admin.php', '<i class="fa fa-check"></i>', 'content_pages.php', 'Y', 14, 'L48cfdad9e2168_content_management.png'),
(13, 'Add contents', 'index_admin.php', '<i class="fa fa-check"></i>', 'add_contents.php', 'N', 15, 'L48cfdae941946_add_content.png'),
(14, 'Menu Places', 'index_admin.php', '<i class="fa fa-check"></i>', 'add_m_places.php', 'Y', 16, 'L48cfdaf16d1a2_menu_place.png'),
(15, 'Add Pages Templates', 'index_admin.php', '<i class="fa fa-check"></i>', 'add_template.php', 'Y', 17, 'L48cfdb3b8adff_templetes.png'),
(30, 'Add Users', 'index_admin.php', '<i class="fa fa-check"></i>', 'add_user.php', 'Y', 26, ''),
(54, 'Registered Users', 'index_admin.php', '<i class="fa fa-check"></i>', 'list_users.php', 'Y', 41, 'L4a49dc30baebd_USER.PNG'),
(55, 'user detail', 'index_admin.php', '<i class="fa fa-check"></i>', 'user_detail.php', 'N', 42, ''),
(80, 'Registerd Users', 'index_admin.php', '<i class="fa fa-check"></i>', 'list_registered_users.php', 'Y', 67, ''),
(114, 'Attach Modules', 'index_admin.php', '<i class="fa fa-cogs dashboard_font_size"></i>', 'attach_user_module.php', 'Y', 96, ''),
(113, 'List Admin Users', 'index_admin.php', '<i class="fa fa-user dashboard_font_size"></i>', 'list_admin_users.php', 'Y', 95, ''),
(112, 'Add Admin User', 'index_admin.php', '<i class="fa fa-user-plus dashboard_font_size"></i>', 'add_admin_users.php', 'Y', 94, ''),
(111, 'List Groups', 'index_admin.php', '<i class="fa fa-navicon dashboard_font_size"></i>', 'list_group.php', 'Y', 93, ''),
(110, 'Add Groups', 'index_admin.php', '<i class="fa fa-group dashboard_font_size"></i>', 'add_group.php', 'Y', 92, ''),
(115, 'Update Profile', 'index_admin.php', '<i class="fa fa-fort-awesome"></i>', 'update_profile.php', 'Y', 97, ''),
(116, 'Add User', 'index_admin.php', '', 'add_add_site_user.php', 'Y', 98, ''),
(267, 'Bakcup of Database', 'index_admin.php', '<i class="fa fa-database dashboard_font_size"></i>', 'backup_database.php', 'Y', 178, ''),
(266, 'Empty Database', 'index_admin.php', '<i class="fa fa-trash dashboard_font_size"></i>', 'empty_database.php', 'Y', 177, ''),
(224, 'list_users_detail', 'index_admin.php', '<i class="fa fa-check"></i>', 'list_users_detail.php', 'N', 150, ''),
(293, 'Business Setting', 'index_admin.php', '<i class="fa fa-check"></i>', 'business_setting.php', 'Y', 187, ''),
(348, 'List Account', 'index_admin.php', '<i class="fa fa-credit-card"></i>', 'list_account.php', 'Y', 239, ''),
(347, 'Receive Payment', 'index_admin.php', '', 'add_payment.php', 'N', 238, ''),
(346, 'List Payment', 'index_admin.php', '<i class="fa fa-database"></i>', 'list_payment.php', 'Y', 237, ''),
(345, 'Add Invoice', 'index_admin.php', '', 'add_invoice.php', 'N', 236, ''),
(344, 'List Invoice', 'index_admin.php', '<i class="fa fa-credit-card"></i>', 'list_invoice.php', 'Y', 235, ''),
(340, 'Add Client', 'index_admin.php', '', 'add_client.php', 'N', 231, ''),
(341, 'List Staff', 'index_admin.php', '<i class="fa fa-check"></i>', 'list_staff.php', 'Y', 232, ''),
(342, 'Add Staff', 'index_admin.php', '', 'add_staff.php', 'N', 233, ''),
(310, 'Add Group', 'index_admin.php', '<i class="fa fa-check"></i>', 'add_group.php', 'Y', 204, ''),
(311, 'List Group', 'index_admin.php', '<i class="fa fa-check"></i>', 'list_group.php', 'Y', 205, ''),
(335, 'List Royalty', 'index_admin.php', '<i class="fa fa-gavel"></i>', 'list_royalty.php', 'Y', 226, ''),
(336, 'Add Royalty', 'index_admin.php', '', 'add_royalty.php', 'N', 227, ''),
(337, 'List Tax', 'index_admin.php', '<i class="fa fa-money "></i>', 'list_tax.php', 'Y', 228, ''),
(338, 'Add Tax', 'index_admin.php', '', 'add_tax.php', 'N', 229, ''),
(339, 'List Clients', 'index_admin.php', '<i class="fa fa-users"></i>', 'list_client.php', 'Y', 230, ''),
(329, 'Theme Editor', 'index_admin.php', '<i class="fa fa-cogs"></i>', 'template_editor.php', 'Y', 220, ''),
(333, 'List Party B', 'index_admin.php', '<i class="fa fa-check"></i>', 'list_partyb.php', 'Y', 224, ''),
(334, 'Add Party B', 'index_admin.php', '', 'add_partyb.php', 'N', 225, ''),
(332, 'User Role', 'index_admin.php', '<i class="fa fa-cogs"></i>', 'user_role.php', 'Y', 223, ''),
(349, 'Add Account', 'index_admin.php', '<i class="fa fa-credit-card"></i>', 'add_account.php', 'N', 240, ''),
(350, 'List Voucher', 'index_admin.php', '<i class="fa fa-credit-card"></i>', 'list_voucher.php', 'Y', 241, ''),
(351, 'Add Voucher', 'index_admin.php', '', 'add_voucher.php', 'N', 242, ''),
(352, 'Final Invoice', 'index_admin.php', '<i class="fa fa-credit-card"></i>', 'list_final_invoice.php', 'Y', 243, ''),
(353, 'List Bank', 'index_admin.php', '<i class="fa fa-building"></i>', 'list_bank.php', 'Y', 244, ''),
(354, 'Add Bank', 'index_admin.php', '', 'add_bank.php', 'N', 245, ''),
(355, 'invoice print', 'index_admin.php', '', 'print_invoice.php', 'N', 246, ''),
(356, 'list Services', 'index_admin.php', '<i class="fa fa-cubes"></i>', 'list_items.php', 'Y', 247, ''),
(357, 'Add Services', 'index_admin.php', '', 'add_items.php', 'N', 248, ''),
(358, 'Set Invoice', 'index_admin.php', '<i class="fa fa-cogs"></i>', 'add_invoice_format.php', 'Y', 249, ''),
(359, 'List Quotation', 'index_admin.php', '<i class="fa fa-bullhorn"></i>', 'list_quotation.php', 'Y', 250, ''),
(360, 'Add Quotation', 'index_admin.php', '', 'add_quotation.php', 'N', 251, ''),
(361, 'All Quotations', 'index_admin.php', '', 'list_quotation_all.php', 'N', 252, ''),
(362, 'List Messages', 'index_admin.php', '<i class="fa fa-mail-forward"></i>', 'list_messages.php', 'Y', 253, ''),
(363, 'Add Messages', 'index_admin.php', '', 'add_messages.php', 'N', 254, ''),
(364, 'Paid Final Invoice', 'index_admin.php', '<i class="fa fa-credit-card"></i>', 'list_paid_final_invoice.php', 'Y', 255, ''),
(365, 'Database Backup', 'index_admin.php', '<i class="fa fa-check"></i>', 'backup_database.php', 'Y', 256, ''),
(366, 'Pay to Branch', 'index_admin.php', '', 'list_final_invoice_pay_to_branch.php', 'Y', 257, ''),
(367, 'SST Report', 'index_admin.php', '<i class="fa fa-pencil-square-o"></i>', 'report_sst.php', 'Y', 258, ''),
(368, 'Add Credit Note', 'index_admin.php', '', 'add_credit_note.php', 'N', 259, ''),
(369, 'List Credit Note', 'index_admin.php', '<i class="fa fa-credit-card"></i>', 'list_credit_note.php', 'Y', 260, ''),
(370, 'Branch General Report', 'index_admin.php', '<i class="fa fa-lg fa-fw fa-pencil-square-o "></i>', 'report_general_ledger.php', 'Y', 261, ''),
(371, 'Branch Credit Debit', 'index_admin.php', '<i class="fa fa-lg fa-fw fa-pencil-square-o "></i>', 'report_credit_debit.php', 'Y', 262, ''),
(372, 'Client Statement', 'index_admin.php', '<i class="fa fa-lg fa-fw fa-pencil-square-o "></i>', 'report_client_statement.php', 'Y', 263, ''),
(373, 'List UOM', 'index_admin.php', '<i class="fa fa-lg fa-fw fa-pencil-square-o "></i>', 'list_uom.php', 'Y', 264, ''),
(374, 'List Location', 'index_admin.php', '<i class="fa fa-lg fa-fw fa-pencil-square-o "></i>', 'list_location.php', 'Y', 265, ''),
(375, 'List Sizes', 'index_admin.php', '<i class="fa fa-lg fa-fw fa-pencil-square-o "></i>', 'list_size.php', 'Y', 266, ''),
(376, 'Add UOM', 'index_admin.php', '', 'add_uom.php', 'N', 267, ''),
(377, 'Add Location', 'index_admin.php', '', 'add_location.php', 'N', 268, ''),
(378, 'Add Sizes', 'index_admin.php', '', 'add_size.php', 'N', 269, ''),
(379, 'List Items', 'index_admin.php', '<i class="fa fa-lg fa-fw fa-cube"></i>', 'list_items.php', 'Y', 270, ''),
(380, 'Add Items', 'index_admin.php', '', 'add_items.php', 'N', 271, ''),
(381, 'List Stock', 'index_admin.php', '<i class="fa fa-lg fa-shopping-basket"></i>', 'list_stock.php', 'Y', 272, ''),
(382, 'Add Stock', 'index_admin.php', '', 'add_stock.php', 'N', 273, ''),
(383, 'Edit Stock', 'index_admin.php', '', 'edit_stock.php', 'N', 274, ''),
(384, 'List Assignment', 'index_admin.php', '<i class="fa fa-lg fa-shopping-basket"></i>', 'list_assignment.php', 'Y', 275, ''),
(385, 'Add Assignment', 'index_admin.php', '', 'add_assignment.php', 'N', 276, ''),
(386, 'Edit Assignment', 'index_admin.php', '', 'edit_assignment.php', 'N', 277, ''),
(387, 'List Clients', 'index_admin.php', '<i class="fa fa-lg fa-users"></i>', 'list_client.php', 'Y', 278, ''),
(388, 'Add Client', 'index_admin.php', '', 'add_client.php', 'N', 279, ''),
(389, 'List Job Orders', 'index_admin.php', '<i class="fa fa-lg fa-scissors"></i>', 'list_job_orders.php', 'Y', 280, ''),
(390, 'Add Job Orders', 'index_admin.php', '', 'add_job_orders.php', 'N', 281, ''),
(391, 'List Supervisors', 'index_admin.php', '<i class="fa fa-lg fa-users"></i>', 'list_supervisors.php', 'Y', 282, ''),
(392, 'Add Supervisors', 'index_admin.php', '', 'add_supervisors.php', 'N', 283, ''),
(393, 'Edit Job Order', 'index_admin.php', '', 'edit_job_orders.php', 'N', 284, ''),
(394, 'Job Orders', 'index_admin.php', '<i class="fa fa-lg fa-scissors"></i>', 'dashboard_supervisor.php', 'Y', 285, ''),
(395, 'List Attributes', 'index_admin.php', '<i class="fa fa-lg fa-cube"></i>', 'list_attributes.php', 'Y', 286, ''),
(396, 'Add Attributes', 'index_admin.php', '', 'add_attributes.php', 'N', 287, ''),
(397, 'List Attribute Staff', 'index_admin.php', '<i class="fa fa-lg fa-users"></i>', 'list_attribute_staff.php', 'Y', 288, ''),
(398, 'Add Attribute Staff', 'index_admin.php', '', 'add_attribute_staff.php', 'N', 289, ''),
(399, 'Stock Issue', 'index_admin.php', '', 'joborder_stock_issue.php', 'N', 290, ''),
(400, 'Edit Stock', 'index_admin.php', '', 'joborder_stock_edit.php', 'N', 291, '');

-- --------------------------------------------------------

--
-- Table structure for table `tbllogin`
--

DROP TABLE IF EXISTS `tbllogin`;
CREATE TABLE IF NOT EXISTS `tbllogin` (
  `log_id` int(3) NOT NULL AUTO_INCREMENT,
  `log_name` varchar(254) NOT NULL DEFAULT '',
  `log_pwd` varchar(254) NOT NULL DEFAULT '',
  `typ_id` int(3) NOT NULL DEFAULT '0',
  `log_sts` char(1) NOT NULL DEFAULT 'A',
  `log_e_status` char(1) NOT NULL,
  `log_token` varchar(255) NOT NULL,
  `log_cdate` date NOT NULL,
  PRIMARY KEY (`log_id`),
  KEY `typ_id` (`typ_id`)
) ENGINE=MyISAM  DEFAULT CHARSET=utf8 AUTO_INCREMENT=133 ;

--
-- Dumping data for table `tbllogin`
--

INSERT INTO `tbllogin` (`log_id`, `log_name`, `log_pwd`, `typ_id`, `log_sts`, `log_e_status`, `log_token`, `log_cdate`) VALUES
(1, 'superadmin', 'TVRJek5EVTI=', 1, 'A', 'F', '', '0000-00-00'),
(2, 'admin', 'TVE9PQ==', 2, 'A', 'F', '', '0000-00-00'),
(131, 'test', 'TVE9PQ==', 5, 'A', 'F', '', '2019-07-02'),
(130, 'Noman', 'TVE9PQ==', 5, 'A', 'F', '', '2019-07-02'),
(129, 'Naeem', 'TVE9PQ==', 5, 'A', 'F', '', '2019-07-02'),
(128, 'samar', 'TVE9PQ==', 5, 'A', 'F', '', '2019-07-02'),
(126, 'asghar', 'TVE9PQ==', 4, 'A', 'F', '', '2019-06-28'),
(125, 'sameer', 'TVRJeg==', 4, 'A', 'F', '', '2019-06-28'),
(123, 'fairy', 'TVE9PQ==', 3, 'D', 'F', '', '2019-06-26'),
(4, 'mba', 'TVE9PQ==', 3, 'A', '', '', '0000-00-00'),
(3, 'barion', 'TVE9PQ==', 3, 'A', 'F', '', '0000-00-00');

-- --------------------------------------------------------

--
-- Table structure for table `tblmenu`
--

DROP TABLE IF EXISTS `tblmenu`;
CREATE TABLE IF NOT EXISTS `tblmenu` (
  `men_id` int(4) NOT NULL AUTO_INCREMENT,
  `men_name` varchar(200) COLLATE latin1_general_ci NOT NULL DEFAULT '',
  `men_master_id` int(4) NOT NULL DEFAULT '0',
  `men_status` char(1) COLLATE latin1_general_ci NOT NULL DEFAULT '',
  `men_order` int(3) NOT NULL DEFAULT '0',
  `men_time` timestamp NOT NULL DEFAULT CURRENT_TIMESTAMP ON UPDATE CURRENT_TIMESTAMP,
  `men_place` char(1) COLLATE latin1_general_ci NOT NULL DEFAULT '',
  `men_image` varchar(250) COLLATE latin1_general_ci NOT NULL DEFAULT '',
  `men_link` varchar(250) COLLATE latin1_general_ci NOT NULL DEFAULT '',
  `men_alias` varchar(250) COLLATE latin1_general_ci NOT NULL DEFAULT '',
  `tem_id` int(11) NOT NULL DEFAULT '0',
  PRIMARY KEY (`men_id`)
) ENGINE=MyISAM  DEFAULT CHARSET=latin1 COLLATE=latin1_general_ci AUTO_INCREMENT=8 ;

--
-- Dumping data for table `tblmenu`
--

INSERT INTO `tblmenu` (`men_id`, `men_name`, `men_master_id`, `men_status`, `men_order`, `men_time`, `men_place`, `men_image`, `men_link`, `men_alias`, `tem_id`) VALUES
(1, 'Checkout Information', 0, 'A', 1, '2014-10-21 07:09:59', '1', '', '', '', 1),
(2, 'Thanks for Shopping', 0, 'A', 2, '2014-10-21 08:33:41', '1', '', '', '', 1),
(3, 'About Us', 0, 'A', 3, '2014-10-21 15:10:00', '1', '', '', '', 1),
(4, 'Terms & Conditions', 0, 'A', 4, '2015-02-12 12:58:59', '1', '', '', '', 1),
(5, 'Privacy Policy', 0, 'A', 5, '2015-02-12 12:59:20', '1', '', '', '', 1),
(6, 'Contact Us', 0, 'A', 6, '2015-02-12 12:59:34', '1', '', '', '', 1),
(7, 'Registration Email Text', 0, 'A', 7, '2015-05-06 09:04:08', '1', '', '', '', 1);

-- --------------------------------------------------------

--
-- Table structure for table `tblmodules`
--

DROP TABLE IF EXISTS `tblmodules`;
CREATE TABLE IF NOT EXISTS `tblmodules` (
  `mod_id` int(11) NOT NULL AUTO_INCREMENT,
  `mod_name` varchar(254) COLLATE latin1_general_ci NOT NULL,
  `mod_des` mediumtext COLLATE latin1_general_ci NOT NULL,
  `mod_order` int(11) NOT NULL,
  `mod_status` char(1) COLLATE latin1_general_ci NOT NULL,
  `mod_s_inditcation` char(1) COLLATE latin1_general_ci NOT NULL,
  PRIMARY KEY (`mod_id`)
) ENGINE=MyISAM  DEFAULT CHARSET=latin1 COLLATE=latin1_general_ci AUTO_INCREMENT=132 ;

--
-- Dumping data for table `tblmodules`
--

INSERT INTO `tblmodules` (`mod_id`, `mod_name`, `mod_des`, `mod_order`, `mod_status`, `mod_s_inditcation`) VALUES
(1, 'Home', '<i class="fa fa-lg fa-fw fa-home "></i>', 1, 'A', 'A'),
(2, 'Supper Admin', '<i class="fa fa-lg fa-fw fa-cogs "></i>', 1, 'A', 'A'),
(3, 'Admin', '<i class="fa fa-lg fa-fw fa-cogs "></i>', 2, 'A', 'A'),
(28, 'My Profile', '<i class="fa fa-lg fa-fw fa-male"></i>', 0, 'A', 'A'),
(29, 'Admin Users Management', '', 0, 'D', 'A'),
(82, 'General Settings', '<i class="fa fa-lg fa-fw fa-cog "></i>', 0, 'A', 'A'),
(119, 'Services', '<i class="fa fa-lg fa-fw fa-cubes"></i>', 0, 'D', 'A'),
(112, 'Staff', '<i class="fa fa-lg fa-fw fa-user"></i>', 0, 'D', 'A'),
(111, 'Clients', '<i class="fa fa-lg fa-fw fa-user"></i>', 0, 'D', 'A'),
(110, 'Tax', '<i class="fa fa-lg fa-fw fa-money "></i>', 0, 'D', 'A'),
(109, 'Royalty', '<i class="fa fa-lg fa-fw fa-gavel"></i>', 0, 'D', 'A'),
(108, 'Party B', '<i class="fa fa-lg fa-fw fa-institution"></i>', 0, 'D', 'A'),
(107, 'User Role', '<i class="fa fa-lg fa-fw fa-cogs "></i>', 0, 'A', 'A'),
(113, 'Invoices', '<i class="fa fa-lg fa-fw fa-credit-card"></i>', 0, 'D', 'A'),
(114, 'Payments', '<i class="fa fa-lg fa-fw fa-database"></i>', 0, 'D', 'A'),
(115, 'Accounts', '<i class="fa fa-lg fa-fw fa-credit-card"></i>', 0, 'D', 'A'),
(116, 'Vouchers', '<i class="fa fa-lg fa-fw fa-credit-card"></i>', 0, 'D', 'A'),
(117, 'Final Invoices', '<i class="fa fa-lg fa-fw fa-credit-card"></i>', 0, 'D', 'A'),
(118, 'Banks', '<i class="fa fa-lg fa-fw fa-building"></i>', 0, 'D', 'A'),
(120, 'Invoice Setting', '<i class="fa fa-lg fa-fw fa-cogs"></i>', 0, 'D', 'A'),
(121, 'Quotation', '<i class="fa fa-lg fa-fw fa-bullhorn"></i>', 0, 'D', 'A'),
(122, 'Messages', '<i class="fa fa-lg fa-fw fa-mail-forward"></i>', 0, 'D', 'A'),
(123, 'Setup', '<i class="fa fa-lg fa-fw fa-mail-forward"></i>', 0, 'A', 'A'),
(124, 'Reports', '<i class="fa fa-lg fa-fw fa-pencil-square-o "></i>', 0, 'D', 'A'),
(125, 'Credit Note', '<i class="fa fa-lg fa-fw fa-credit-card "></i>', 0, 'D', 'A'),
(126, 'Stock', '<i class="fa fa-lg fa-fw fa-cube"></i>', 0, 'A', 'A'),
(127, 'Assignment', '<i class="fa fa-lg fa-fw fa-cube"></i>', 0, 'A', 'A'),
(128, 'Job Orders', '<i class="fa fa-lg  fa-fw fa-scissors"></i>', 0, 'A', 'A'),
(129, 'Suervisors', '<i class="fa fa-lg  fa-fw fa-users"></i>', 0, 'A', 'A'),
(130, 'My Job Orders', '<i class="fa fa-lg  fa-fw fa-scissors"></i>', 0, 'A', 'A'),
(131, 'Attributes', '<i class="fa fa-lg fa-fw fa-cube "></i>', 0, 'A', 'A');

-- --------------------------------------------------------

--
-- Table structure for table `tblmodulespages`
--

DROP TABLE IF EXISTS `tblmodulespages`;
CREATE TABLE IF NOT EXISTS `tblmodulespages` (
  `mp_id` int(4) NOT NULL AUTO_INCREMENT,
  `mod_id` int(4) NOT NULL,
  `link_id` int(4) NOT NULL,
  PRIMARY KEY (`mp_id`)
) ENGINE=MyISAM  DEFAULT CHARSET=latin1 COLLATE=latin1_general_ci AUTO_INCREMENT=1998 ;

--
-- Dumping data for table `tblmodulespages`
--

INSERT INTO `tblmodulespages` (`mp_id`, `mod_id`, `link_id`) VALUES
(1480, 39, 145),
(1878, 108, 333),
(1188, 8, 62),
(1680, 6, 55),
(1679, 6, 54),
(1187, 8, 61),
(1164, 2, 56),
(1163, 2, 53),
(1162, 2, 50),
(1161, 2, 49),
(1160, 2, 47),
(1159, 2, 46),
(1697, 9, 223),
(1158, 2, 44),
(1157, 2, 42),
(1156, 2, 41),
(1155, 2, 15),
(1154, 2, 14),
(1153, 2, 13),
(1152, 2, 12),
(1151, 2, 11),
(1150, 2, 9),
(1149, 2, 8),
(1696, 9, 187),
(1148, 2, 7),
(1147, 2, 6),
(1146, 2, 5),
(1145, 2, 4),
(1144, 2, 3),
(1194, 3, 13),
(1143, 2, 2),
(1193, 3, 12),
(1173, 5, 57),
(1390, 7, 60),
(1174, 5, 58),
(1186, 8, 60),
(1185, 8, 59),
(1189, 8, 63),
(1201, 10, 65),
(1200, 10, 64),
(1196, 11, 66),
(1197, 11, 67),
(1198, 12, 68),
(1199, 12, 69),
(1202, 10, 70),
(1203, 13, 71),
(1204, 14, 72),
(1205, 14, 73),
(1206, 14, 74),
(1207, 14, 75),
(1208, 15, 76),
(1209, 15, 77),
(1211, 16, 78),
(1212, 16, 79),
(1213, 17, 80),
(1214, 18, 81),
(1215, 19, 82),
(1216, 19, 83),
(1219, 21, 86),
(1220, 21, 87),
(1221, 22, 88),
(1222, 22, 89),
(1228, 20, 91),
(1227, 20, 90),
(1369, 26, 109),
(1359, 24, 101),
(1368, 25, 108),
(1367, 23, 107),
(1366, 23, 106),
(1365, 23, 105),
(1364, 23, 104),
(1363, 23, 103),
(1362, 23, 98),
(1361, 23, 93),
(1360, 23, 92),
(1370, 27, 92),
(1394, 28, 10),
(1385, 29, 113),
(1384, 29, 112),
(1383, 29, 111),
(1382, 29, 110),
(1386, 29, 114),
(1389, 7, 59),
(1805, 1, 1),
(1395, 28, 115),
(1477, 30, 119),
(1430, 31, 125),
(1429, 31, 124),
(1428, 31, 123),
(1427, 31, 122),
(1426, 31, 121),
(1425, 31, 120),
(1424, 32, 126),
(1431, 31, 127),
(1432, 34, 128),
(1433, 34, 129),
(1435, 35, 130),
(1436, 35, 131),
(1516, 42, 157),
(1515, 42, 156),
(1439, 37, 134),
(1440, 37, 135),
(1475, 38, 143),
(1474, 38, 142),
(1473, 38, 141),
(1472, 38, 140),
(1471, 38, 139),
(1470, 38, 138),
(1469, 38, 137),
(1468, 38, 136),
(1476, 38, 144),
(1481, 39, 146),
(1482, 39, 147),
(1547, 36, 162),
(1546, 36, 133),
(1545, 36, 132),
(1544, 36, 60),
(1501, 40, 152),
(1502, 40, 153),
(1504, 41, 154),
(1505, 41, 155),
(1517, 43, 158),
(1518, 43, 159),
(1519, 44, 160),
(1520, 44, 161),
(1543, 36, 59),
(1548, 45, 163),
(1549, 45, 164),
(1550, 46, 165),
(1551, 46, 166),
(1555, 47, 60),
(1554, 47, 59),
(1556, 47, 167),
(1557, 47, 168),
(1877, 105, 328),
(1563, 48, 170),
(1565, 49, 171),
(1566, 49, 172),
(1581, 52, 176),
(1580, 52, 175),
(1579, 52, 174),
(1578, 52, 173),
(1574, 53, 177),
(1575, 53, 178),
(1576, 54, 179),
(1577, 54, 180),
(1582, 52, 181),
(1583, 55, 182),
(1584, 55, 183),
(1585, 56, 184),
(1695, 9, 186),
(1600, 57, 190),
(1599, 57, 189),
(1598, 57, 188),
(1601, 57, 191),
(1610, 58, 194),
(1609, 58, 193),
(1608, 58, 192),
(1611, 58, 195),
(1616, 59, 197),
(1615, 59, 196),
(1617, 59, 198),
(1618, 59, 199),
(1646, 60, 207),
(1645, 60, 206),
(1644, 60, 205),
(1643, 60, 204),
(1642, 60, 203),
(1641, 60, 202),
(1640, 60, 201),
(1639, 60, 200),
(1647, 60, 208),
(1651, 61, 210),
(1650, 61, 209),
(1652, 61, 211),
(1653, 61, 212),
(1662, 62, 215),
(1661, 62, 214),
(1660, 62, 213),
(1663, 62, 216),
(1667, 63, 218),
(1666, 63, 217),
(1668, 63, 219),
(1669, 63, 220),
(1670, 64, 221),
(1694, 9, 185),
(1681, 6, 224),
(1682, 65, 225),
(1683, 65, 226),
(1684, 66, 227),
(1685, 67, 228),
(1686, 67, 229),
(1687, 68, 230),
(1688, 68, 231),
(1689, 69, 232),
(1690, 69, 233),
(1692, 70, 234),
(1693, 70, 235),
(1698, 9, 224),
(1699, 71, 236),
(1700, 71, 237),
(1701, 72, 238),
(1702, 72, 239),
(1703, 73, 240),
(1704, 73, 241),
(1705, 74, 242),
(1706, 74, 243),
(1707, 75, 244),
(1708, 75, 245),
(1709, 76, 246),
(1710, 76, 247),
(1711, 77, 248),
(1712, 77, 249),
(1713, 78, 250),
(1714, 78, 251),
(1789, 79, 281),
(1785, 87, 280),
(1782, 86, 280),
(1721, 80, 255),
(1722, 80, 256),
(1779, 89, 279),
(1778, 89, 278),
(1777, 88, 277),
(1741, 81, 261),
(1740, 81, 260),
(1742, 81, 262),
(1743, 81, 263),
(1776, 88, 276),
(1788, 79, 258),
(1763, 83, 268),
(1764, 83, 269),
(1765, 84, 270),
(1766, 84, 271),
(1767, 85, 268),
(1768, 85, 269),
(1769, 85, 270),
(1770, 85, 271),
(1781, 86, 273),
(1780, 86, 272),
(1784, 87, 275),
(1783, 87, 274),
(1790, 79, 282),
(1851, 101, 316),
(1850, 101, 315),
(1857, 103, 322),
(1856, 103, 321),
(1855, 102, 320),
(1854, 102, 319),
(1859, 104, 324),
(1858, 104, 323),
(1876, 105, 327),
(1875, 105, 326),
(1904, 113, 355),
(1917, 82, 293),
(1853, 102, 318),
(1852, 102, 317),
(1866, 106, 330),
(1867, 106, 331),
(1868, 107, 332),
(1874, 105, 325),
(1879, 108, 334),
(1880, 109, 335),
(1881, 109, 336),
(1882, 110, 337),
(1883, 110, 338),
(1884, 111, 339),
(1885, 111, 340),
(1889, 112, 342),
(1888, 112, 341),
(1903, 113, 345),
(1902, 113, 344),
(1892, 114, 346),
(1893, 114, 347),
(1894, 115, 348),
(1895, 115, 349),
(1896, 116, 350),
(1897, 116, 351),
(1925, 117, 364),
(1899, 118, 353),
(1900, 118, 354),
(1905, 119, 356),
(1906, 119, 357),
(1907, 120, 358),
(1911, 121, 360),
(1910, 121, 359),
(1912, 121, 361),
(1913, 122, 362),
(1914, 122, 363),
(1924, 117, 352),
(1918, 82, 365),
(1997, 128, 400),
(1993, 123, 387),
(1992, 123, 376),
(1991, 123, 375),
(1926, 117, 366),
(1937, 124, 371),
(1928, 125, 368),
(1929, 125, 369),
(1936, 124, 370),
(1935, 124, 367),
(1938, 124, 372),
(1990, 123, 374),
(1962, 126, 381),
(1961, 126, 380),
(1960, 126, 379),
(1963, 126, 382),
(1964, 126, 383),
(1968, 127, 385),
(1967, 127, 384),
(1969, 127, 386),
(1989, 123, 373),
(1996, 128, 393),
(1995, 128, 390),
(1979, 129, 391),
(1980, 129, 392),
(1994, 128, 389),
(1984, 130, 394),
(1985, 131, 395),
(1986, 131, 396),
(1987, 131, 397),
(1988, 131, 398);

-- --------------------------------------------------------

--
-- Table structure for table `tblregistration`
--

DROP TABLE IF EXISTS `tblregistration`;
CREATE TABLE IF NOT EXISTS `tblregistration` (
  `reg_id` int(10) unsigned NOT NULL AUTO_INCREMENT,
  `reg_email_add` varchar(100) NOT NULL,
  `reg_date` varchar(100) NOT NULL,
  `reg_status` char(1) NOT NULL,
  `log_id` int(11) NOT NULL DEFAULT '0',
  `reg_first_name` varchar(255) DEFAULT NULL,
  `reg_last_name` varchar(255) DEFAULT NULL,
  PRIMARY KEY (`reg_id`)
) ENGINE=MyISAM  DEFAULT CHARSET=utf8 AUTO_INCREMENT=9 ;

--
-- Dumping data for table `tblregistration`
--

INSERT INTO `tblregistration` (`reg_id`, `reg_email_add`, `reg_date`, `reg_status`, `log_id`, `reg_first_name`, `reg_last_name`) VALUES
(1, 'tahermughal@gmail.com', '', 'A', 2, 'Tahir', 'Mughal'),
(2, 'luis_tech@gmail.com', '2015-09-17 13:32:11', 'L', 39, 'Luis', ''),
(3, 'luis_sale@gmail.com', '2016-06-11 11:20:12', 'L', 42, 'Luis Sale', ''),
(4, 'luis_report@gmail.com', '2016-06-11 11:21:53', 'L', 43, 'Luis Report', ''),
(5, 'luis_tech_s2@gmail.com', '2016-06-16 23:21:10', 'L', 44, 'Luis', ''),
(6, 'luis_sale_s2', '2016-06-16 23:44:45', 'L', 45, 'luis_sale_s2', ''),
(7, 'luis_pro_s1@gmail.com', '2016-06-20 14:32:46', 'L', 46, 'luis_pro_s1', ''),
(8, 'store1@gmail.com', '2016-07-05 14:41:37', 'L', 47, 'store1', '');

-- --------------------------------------------------------

--
-- Table structure for table `tblusertype`
--

DROP TABLE IF EXISTS `tblusertype`;
CREATE TABLE IF NOT EXISTS `tblusertype` (
  `typ_id` int(3) NOT NULL AUTO_INCREMENT,
  `typ_name` varchar(254) NOT NULL DEFAULT '',
  `typ_s_indication` char(1) NOT NULL,
  `typ_status` char(1) NOT NULL,
  PRIMARY KEY (`typ_id`)
) ENGINE=MyISAM  DEFAULT CHARSET=utf8 AUTO_INCREMENT=26 ;

--
-- Dumping data for table `tblusertype`
--

INSERT INTO `tblusertype` (`typ_id`, `typ_name`, `typ_s_indication`, `typ_status`) VALUES
(1, 'Super Admin', 'S', 'A'),
(2, 'Admin', 'S', 'A'),
(3, 'Client', 'S', 'A'),
(4, 'Supervisor', 'S', 'A'),
(5, 'Attribute Staff', 'S', 'A');

-- --------------------------------------------------------

--
-- Table structure for table `tbl_assignment`
--

DROP TABLE IF EXISTS `tbl_assignment`;
CREATE TABLE IF NOT EXISTS `tbl_assignment` (
  `assignment_id` int(11) NOT NULL AUTO_INCREMENT,
  `assignment_code` text NOT NULL,
  `assignment_name` text NOT NULL,
  `client_id` int(11) NOT NULL,
  `assignment_total_size` int(11) NOT NULL,
  `assignment_picture` text NOT NULL,
  `assignment_status` text NOT NULL,
  `assignment_created_on` date NOT NULL,
  `assignment_created_by` int(11) NOT NULL,
  PRIMARY KEY (`assignment_id`)
) ENGINE=InnoDB  DEFAULT CHARSET=latin1 AUTO_INCREMENT=8 ;

--
-- Dumping data for table `tbl_assignment`
--

INSERT INTO `tbl_assignment` (`assignment_id`, `assignment_code`, `assignment_name`, `client_id`, `assignment_total_size`, `assignment_picture`, `assignment_status`, `assignment_created_on`, `assignment_created_by`) VALUES
(4, 'BS240619-1', 'Assignment 1', 3, 2, '1494_Solutions.jpg', 'Enable', '2019-06-22', 1),
(5, 'BS240619-2', 'Assignment 2', 3, 2, '1402_profile-menu.png', 'Enable', '2019-06-24', 1),
(6, 'BS280619-3', 'Assignment 3', 3, 4, '1828_screen2.jpg', 'Enable', '2019-06-28', 1),
(7, 'MA040719-1', 'Assignment 6', 4, 2, '1042_c9074a5e495107d3da6b6662c20829485b3e8e21e731131589abbf186f9a51646f2592f9.jpg', 'Enable', '2019-07-04', 1);

-- --------------------------------------------------------

--
-- Table structure for table `tbl_assignment_attribute`
--

DROP TABLE IF EXISTS `tbl_assignment_attribute`;
CREATE TABLE IF NOT EXISTS `tbl_assignment_attribute` (
  `assignment_attribute_id` int(11) NOT NULL AUTO_INCREMENT,
  `assignment_size_id` int(11) NOT NULL,
  `attribute_id` int(11) NOT NULL,
  `attribute_price` double NOT NULL,
  PRIMARY KEY (`assignment_attribute_id`)
) ENGINE=InnoDB  DEFAULT CHARSET=latin1 AUTO_INCREMENT=57 ;

--
-- Dumping data for table `tbl_assignment_attribute`
--

INSERT INTO `tbl_assignment_attribute` (`assignment_attribute_id`, `assignment_size_id`, `attribute_id`, `attribute_price`) VALUES
(22, 9, 1, 200),
(23, 9, 2, 300),
(24, 9, 3, 400),
(25, 10, 1, 250),
(26, 10, 2, 350),
(27, 10, 3, 450),
(28, 11, 1, 170),
(29, 11, 3, 220),
(30, 11, 4, 250),
(31, 12, 1, 190),
(32, 12, 2, 210),
(33, 12, 3, 250),
(34, 12, 4, 200),
(35, 13, 1, 100),
(36, 13, 2, 200),
(37, 13, 3, 300),
(38, 14, 1, 130),
(39, 14, 4, 180),
(40, 15, 1, 200),
(41, 15, 2, 210),
(42, 15, 4, 220),
(43, 16, 1, 111),
(44, 16, 2, 222),
(45, 16, 3, 333),
(46, 16, 4, 444),
(52, 19, 1, 100),
(53, 19, 2, 123),
(54, 19, 3, 150),
(55, 20, 1, 150),
(56, 20, 4, 210);

-- --------------------------------------------------------

--
-- Table structure for table `tbl_assignment_material`
--

DROP TABLE IF EXISTS `tbl_assignment_material`;
CREATE TABLE IF NOT EXISTS `tbl_assignment_material` (
  `assignment_material_id` int(11) NOT NULL AUTO_INCREMENT,
  `assignment_size_id` int(11) NOT NULL,
  `item_id` int(11) NOT NULL,
  `uom_id` int(11) NOT NULL,
  `stock_item_id` int(11) NOT NULL,
  `assignment_quantity` text NOT NULL,
  `assignment_material_status` text NOT NULL,
  PRIMARY KEY (`assignment_material_id`)
) ENGINE=InnoDB  DEFAULT CHARSET=latin1 AUTO_INCREMENT=53 ;

--
-- Dumping data for table `tbl_assignment_material`
--

INSERT INTO `tbl_assignment_material` (`assignment_material_id`, `assignment_size_id`, `item_id`, `uom_id`, `stock_item_id`, `assignment_quantity`, `assignment_material_status`) VALUES
(21, 9, 25, 1, 6, '1', 'Enable'),
(22, 9, 18, 8, 8, '1', 'Enable'),
(23, 9, 16, 1, 13, '1', 'Enable'),
(24, 10, 25, 1, 6, '1', 'Enable'),
(25, 10, 18, 8, 8, '2', 'Enable'),
(26, 10, 16, 1, 13, '1', 'Enable'),
(27, 11, 19, 8, 5, '1', 'Enable'),
(28, 11, 18, 8, 11, '1', 'Enable'),
(29, 11, 25, 1, 12, '1', 'Enable'),
(30, 12, 14, 1, 1, '1', 'Enable'),
(31, 12, 18, 8, 8, '1', 'Enable'),
(32, 12, 16, 1, 3, '1', 'Enable'),
(33, 13, 14, 1, 1, '1', 'Enable'),
(34, 13, 25, 1, 6, '2', 'Enable'),
(35, 13, 18, 8, 8, '1', 'Enable'),
(36, 14, 16, 1, 13, '1', 'Enable'),
(37, 14, 18, 8, 11, '2', 'Enable'),
(38, 15, 24, 1, 7, '1', 'Enable'),
(39, 15, 18, 8, 11, '2', 'Enable'),
(40, 16, 25, 1, 10, '1', 'Enable'),
(41, 16, 18, 8, 4, '4', 'Enable'),
(42, 16, 24, 1, 7, '1', 'Enable'),
(48, 19, 14, 1, 1, '2', 'Enable'),
(49, 19, 25, 1, 6, '1', 'Enable'),
(50, 19, 18, 8, 8, '3', 'Enable'),
(51, 20, 18, 8, 11, '2', 'Enable'),
(52, 20, 14, 1, 1, '1', 'Enable');

-- --------------------------------------------------------

--
-- Table structure for table `tbl_assignment_size`
--

DROP TABLE IF EXISTS `tbl_assignment_size`;
CREATE TABLE IF NOT EXISTS `tbl_assignment_size` (
  `assignment_size_id` int(11) NOT NULL AUTO_INCREMENT,
  `assignment_id` int(11) NOT NULL,
  `size_id` int(11) NOT NULL,
  PRIMARY KEY (`assignment_size_id`)
) ENGINE=InnoDB  DEFAULT CHARSET=latin1 AUTO_INCREMENT=21 ;

--
-- Dumping data for table `tbl_assignment_size`
--

INSERT INTO `tbl_assignment_size` (`assignment_size_id`, `assignment_id`, `size_id`) VALUES
(9, 4, 1),
(10, 4, 2),
(11, 5, 2),
(12, 5, 4),
(13, 6, 1),
(14, 6, 2),
(15, 6, 3),
(16, 6, 4),
(19, 7, 2),
(20, 7, 3);

-- --------------------------------------------------------

--
-- Table structure for table `tbl_attribute`
--

DROP TABLE IF EXISTS `tbl_attribute`;
CREATE TABLE IF NOT EXISTS `tbl_attribute` (
  `attribute_id` int(11) NOT NULL AUTO_INCREMENT,
  `attribute` text NOT NULL,
  `attribute_status` text NOT NULL,
  PRIMARY KEY (`attribute_id`)
) ENGINE=InnoDB  DEFAULT CHARSET=latin1 AUTO_INCREMENT=5 ;

--
-- Dumping data for table `tbl_attribute`
--

INSERT INTO `tbl_attribute` (`attribute_id`, `attribute`, `attribute_status`) VALUES
(1, 'Tailoring', 'Enable'),
(2, 'Stitching', 'Enable'),
(3, 'Laundry', 'Enable'),
(4, 'Packing', 'Enable');

-- --------------------------------------------------------

--
-- Table structure for table `tbl_general`
--

DROP TABLE IF EXISTS `tbl_general`;
CREATE TABLE IF NOT EXISTS `tbl_general` (
  `general_id` int(11) NOT NULL AUTO_INCREMENT,
  `general_currency` text NOT NULL,
  `general_name` text NOT NULL,
  `general_web_title` text NOT NULL,
  `general_phone` text NOT NULL,
  `general_email` text NOT NULL,
  `general_website_path` text NOT NULL,
  `general_logo` text NOT NULL,
  `general_favico` text NOT NULL,
  PRIMARY KEY (`general_id`)
) ENGINE=InnoDB  DEFAULT CHARSET=latin1 AUTO_INCREMENT=2 ;

--
-- Dumping data for table `tbl_general`
--

INSERT INTO `tbl_general` (`general_id`, `general_currency`, `general_name`, `general_web_title`, `general_phone`, `general_email`, `general_website_path`, `general_logo`, `general_favico`) VALUES
(1, 'RM ', 'GMS', 'Garment Management System', '+93 91234567', 'bawanco1@gmail.com', 'http://localhost/fiverr/gms/', '119_logo-gms.png', '118_logo-dsafe.png');

-- --------------------------------------------------------

--
-- Table structure for table `tbl_group`
--

DROP TABLE IF EXISTS `tbl_group`;
CREATE TABLE IF NOT EXISTS `tbl_group` (
  `group_id` int(11) NOT NULL AUTO_INCREMENT,
  `group_name` text NOT NULL,
  `added_by` int(11) NOT NULL,
  PRIMARY KEY (`group_id`)
) ENGINE=InnoDB  DEFAULT CHARSET=latin1 AUTO_INCREMENT=61 ;

--
-- Dumping data for table `tbl_group`
--

INSERT INTO `tbl_group` (`group_id`, `group_name`, `added_by`) VALUES
(1, 'Beverage', 1),
(2, 'Food', 1),
(42, 'Cosmatic', 1),
(43, 'Oud', 1),
(48, 'Beverage9', 1),
(60, 'test', 1);

-- --------------------------------------------------------

--
-- Table structure for table `tbl_items`
--

DROP TABLE IF EXISTS `tbl_items`;
CREATE TABLE IF NOT EXISTS `tbl_items` (
  `item_id` int(11) NOT NULL AUTO_INCREMENT,
  `uom_id` int(11) NOT NULL,
  `item_code` varchar(20) NOT NULL,
  `item_name` varchar(50) NOT NULL,
  `status` text NOT NULL,
  `created_by` int(11) NOT NULL,
  `created_on` varchar(50) NOT NULL,
  PRIMARY KEY (`item_id`)
) ENGINE=InnoDB  DEFAULT CHARSET=latin1 AUTO_INCREMENT=28 ;

--
-- Dumping data for table `tbl_items`
--

INSERT INTO `tbl_items` (`item_id`, `uom_id`, `item_code`, `item_name`, `status`, `created_by`, `created_on`) VALUES
(13, 4, 'C01', 'Whie Cotton', 'Enable', 1, '2019-05-28 12:10:33'),
(14, 4, 'C02', 'Black Cotton', 'Enable', 1, '2019-05-28 12:10:33'),
(15, 7, 'L01', 'White Letha', 'Enable', 1, '2019-05-28 12:10:33'),
(16, 7, 'L02', 'Black Letha', 'Enable', 1, '2019-05-28 12:10:33'),
(17, 4, 'L03', 'Brown Letha', 'Enable', 1, '2019-05-28 12:10:33'),
(18, 8, 'B01', 'Black Button', 'Enable', 1, '2019-05-28 12:14:38'),
(19, 8, 'B02', 'Brown Button', 'Enable', 1, '2019-05-28 12:14:38'),
(20, 8, 'B03', 'White Button', 'Enable', 1, '2019-05-28 12:14:38'),
(21, 7, 'T01', 'White Thread', 'Enable', 1, '2019-05-28 12:17:51'),
(22, 4, 'T02', 'Black Thread', 'Enable', 1, '2019-05-28 12:17:51'),
(23, 4, 'T03', 'Brown Thread', 'Enable', 1, '2019-05-28 12:17:51'),
(24, 7, 'T04', 'Silk Thread', 'Enable', 1, '2019-05-28 12:17:52'),
(25, 7, 'S01', 'White Silk', 'Enable', 1, '2019-05-28 12:17:52'),
(26, 4, 'S02', 'Black Silk', 'Enable', 1, '2019-05-28 12:17:52'),
(27, 7, 'S03', 'Brown Silk', 'Enable', 1, '2019-05-28 12:17:52');

-- --------------------------------------------------------

--
-- Table structure for table `tbl_joborder`
--

DROP TABLE IF EXISTS `tbl_joborder`;
CREATE TABLE IF NOT EXISTS `tbl_joborder` (
  `joborder_id` int(11) NOT NULL AUTO_INCREMENT,
  `joborder_no` text NOT NULL,
  `joborder_name` text NOT NULL,
  `client_id` int(11) NOT NULL,
  `assignment_id` int(11) NOT NULL,
  `supervisor_id` int(11) NOT NULL,
  `joborder_assign_date` date NOT NULL,
  `joborder_complete_date` date NOT NULL,
  `joborder_status` text NOT NULL,
  `is_complete` int(11) NOT NULL,
  `joborder_created_by` int(11) NOT NULL,
  `joborder_created_on` date NOT NULL,
  PRIMARY KEY (`joborder_id`)
) ENGINE=InnoDB  DEFAULT CHARSET=latin1 AUTO_INCREMENT=3 ;

--
-- Dumping data for table `tbl_joborder`
--

INSERT INTO `tbl_joborder` (`joborder_id`, `joborder_no`, `joborder_name`, `client_id`, `assignment_id`, `supervisor_id`, `joborder_assign_date`, `joborder_complete_date`, `joborder_status`, `is_complete`, `joborder_created_by`, `joborder_created_on`) VALUES
(1, 'J040719-1', 'Job Order 1', 3, 5, 126, '2019-07-04', '2019-08-14', 'Enable', 1, 1, '2019-07-04'),
(2, 'J090719-2', 'Job Order 2', 4, 7, 126, '2019-07-07', '2019-07-14', 'Enable', 0, 1, '2019-07-09');

-- --------------------------------------------------------

--
-- Table structure for table `tbl_joborder_size`
--

DROP TABLE IF EXISTS `tbl_joborder_size`;
CREATE TABLE IF NOT EXISTS `tbl_joborder_size` (
  `joborder_size_id` int(11) NOT NULL AUTO_INCREMENT,
  `joborder_id` int(11) NOT NULL,
  `assignment_size_id` int(11) NOT NULL,
  `joborder_units` int(11) NOT NULL,
  PRIMARY KEY (`joborder_size_id`)
) ENGINE=InnoDB  DEFAULT CHARSET=latin1 AUTO_INCREMENT=13 ;

--
-- Dumping data for table `tbl_joborder_size`
--

INSERT INTO `tbl_joborder_size` (`joborder_size_id`, `joborder_id`, `assignment_size_id`, `joborder_units`) VALUES
(7, 1, 11, 7),
(8, 1, 12, 16),
(11, 2, 19, 6),
(12, 2, 20, 3);

-- --------------------------------------------------------

--
-- Table structure for table `tbl_joborder_size_attribute`
--

DROP TABLE IF EXISTS `tbl_joborder_size_attribute`;
CREATE TABLE IF NOT EXISTS `tbl_joborder_size_attribute` (
  `joborder_size_attribute_id` int(11) NOT NULL AUTO_INCREMENT,
  `joborder_id` int(11) NOT NULL,
  `assignment_size_id` int(11) NOT NULL,
  `attribute_id` int(11) NOT NULL,
  `attribute_price` double NOT NULL,
  `staff_id` int(11) NOT NULL,
  `receive` double NOT NULL,
  `damage` double NOT NULL,
  `complete` double NOT NULL,
  `attribute_price_total` double NOT NULL,
  PRIMARY KEY (`joborder_size_attribute_id`)
) ENGINE=InnoDB  DEFAULT CHARSET=latin1 AUTO_INCREMENT=39 ;

--
-- Dumping data for table `tbl_joborder_size_attribute`
--

INSERT INTO `tbl_joborder_size_attribute` (`joborder_size_attribute_id`, `joborder_id`, `assignment_size_id`, `attribute_id`, `attribute_price`, `staff_id`, `receive`, `damage`, `complete`, `attribute_price_total`) VALUES
(22, 1, 11, 1, 170, 129, 6, 0, 6, 1020),
(23, 1, 11, 3, 220, 128, 6, 1, 5, 1100),
(24, 1, 11, 4, 250, 131, 5, 0, 5, 1250),
(25, 1, 12, 1, 190, 129, 16, 0, 16, 3040),
(26, 1, 12, 2, 210, 128, 15, 1, 14, 2940),
(27, 1, 12, 3, 250, 129, 14, 0, 14, 3500),
(28, 1, 12, 4, 200, 130, 14, 2, 12, 2400),
(34, 2, 19, 1, 100, 0, 0, 0, 0, 0),
(35, 2, 19, 2, 123, 0, 0, 0, 0, 0),
(36, 2, 19, 3, 150, 0, 0, 0, 0, 0),
(37, 2, 20, 1, 150, 0, 0, 0, 0, 0),
(38, 2, 20, 4, 210, 0, 0, 0, 0, 0);

-- --------------------------------------------------------

--
-- Table structure for table `tbl_joborder_stock`
--

DROP TABLE IF EXISTS `tbl_joborder_stock`;
CREATE TABLE IF NOT EXISTS `tbl_joborder_stock` (
  `job_order_stock_id` int(11) NOT NULL AUTO_INCREMENT,
  `joborder_id` int(11) NOT NULL,
  `assignment_id` int(11) NOT NULL,
  `assignment_meterial_id` int(11) NOT NULL,
  `stock_item_id` int(11) NOT NULL,
  `assignment_size_id` int(11) NOT NULL,
  `size_id` int(11) NOT NULL,
  `required_qty` double NOT NULL,
  `assigned_qty` double NOT NULL,
  `cdate` date NOT NULL,
  PRIMARY KEY (`job_order_stock_id`)
) ENGINE=InnoDB  DEFAULT CHARSET=latin1 AUTO_INCREMENT=43 ;

--
-- Dumping data for table `tbl_joborder_stock`
--

INSERT INTO `tbl_joborder_stock` (`job_order_stock_id`, `joborder_id`, `assignment_id`, `assignment_meterial_id`, `stock_item_id`, `assignment_size_id`, `size_id`, `required_qty`, `assigned_qty`, `cdate`) VALUES
(37, 1, 5, 27, 5, 11, 2, 7, 12, '2019-07-16'),
(38, 1, 5, 28, 11, 11, 2, 7, 16, '2019-07-16'),
(39, 1, 5, 29, 12, 11, 2, 7, 7, '2019-07-16'),
(40, 1, 5, 30, 1, 12, 4, 16, 3.658, '2019-07-16'),
(41, 1, 5, 31, 8, 12, 4, 16, 16, '2019-07-16'),
(42, 1, 5, 32, 3, 12, 4, 16, 5, '2019-07-16');

-- --------------------------------------------------------

--
-- Table structure for table `tbl_joborder_stock_roll`
--

DROP TABLE IF EXISTS `tbl_joborder_stock_roll`;
CREATE TABLE IF NOT EXISTS `tbl_joborder_stock_roll` (
  `job_order_stock_roll_id` int(11) NOT NULL AUTO_INCREMENT,
  `job_order_stock_id` int(11) NOT NULL,
  `stock_item_roll_id` int(11) NOT NULL,
  `stock_item_id` int(11) NOT NULL,
  `item_id` int(11) NOT NULL,
  `used_yards` double NOT NULL,
  `used_meters` double NOT NULL,
  PRIMARY KEY (`job_order_stock_roll_id`)
) ENGINE=InnoDB  DEFAULT CHARSET=latin1 AUTO_INCREMENT=31 ;

--
-- Dumping data for table `tbl_joborder_stock_roll`
--

INSERT INTO `tbl_joborder_stock_roll` (`job_order_stock_roll_id`, `job_order_stock_id`, `stock_item_roll_id`, `stock_item_id`, `item_id`, `used_yards`, `used_meters`) VALUES
(27, 39, 54, 12, 25, 4, 3.658),
(28, 39, 53, 12, 25, 3, 2.743),
(29, 40, 45, 1, 14, 4, 3.658),
(30, 42, 4, 3, 16, 5, 4.572);

-- --------------------------------------------------------

--
-- Table structure for table `tbl_location`
--

DROP TABLE IF EXISTS `tbl_location`;
CREATE TABLE IF NOT EXISTS `tbl_location` (
  `location_id` int(11) NOT NULL AUTO_INCREMENT,
  `location` text NOT NULL,
  `location_status` text NOT NULL,
  `created_on` date NOT NULL,
  `created_by` int(11) NOT NULL,
  PRIMARY KEY (`location_id`)
) ENGINE=InnoDB  DEFAULT CHARSET=latin1 AUTO_INCREMENT=6 ;

--
-- Dumping data for table `tbl_location`
--

INSERT INTO `tbl_location` (`location_id`, `location`, `location_status`, `created_on`, `created_by`) VALUES
(1, 'Ground Floor', 'Enable', '2019-06-03', 1),
(2, 'First Floor', 'Enable', '2019-06-03', 1),
(3, 'Second Floor', 'Enable', '2019-06-03', 1),
(5, 'Third Floor', 'Enable', '2019-06-10', 1);

-- --------------------------------------------------------

--
-- Table structure for table `tbl_options`
--

DROP TABLE IF EXISTS `tbl_options`;
CREATE TABLE IF NOT EXISTS `tbl_options` (
  `options_id` int(11) NOT NULL AUTO_INCREMENT,
  `option_name` varchar(100) NOT NULL,
  `option_type` varchar(20) NOT NULL,
  `option_color` varchar(10) NOT NULL,
  `option_status` char(1) NOT NULL,
  PRIMARY KEY (`options_id`)
) ENGINE=InnoDB  DEFAULT CHARSET=latin1 AUTO_INCREMENT=9 ;

--
-- Dumping data for table `tbl_options`
--

INSERT INTO `tbl_options` (`options_id`, `option_name`, `option_type`, `option_color`, `option_status`) VALUES
(1, 'Execute', 'asterisk', '5B9BD5', 'A'),
(2, 'New', 'circle', '507E32', 'A'),
(3, 'Edit', 'circle', '507E32', 'A'),
(4, 'Delete', 'circle', 'FF0404', 'A'),
(5, 'Process', 'circle', '', 'D'),
(6, 'Print', 'circle', 'B848FF', 'A'),
(7, 'Preview', 'circle', 'B848FF', 'A'),
(8, 'Export', 'circle', 'B848FF', 'A');

-- --------------------------------------------------------

--
-- Table structure for table `tbl_size`
--

DROP TABLE IF EXISTS `tbl_size`;
CREATE TABLE IF NOT EXISTS `tbl_size` (
  `size_id` int(11) NOT NULL AUTO_INCREMENT,
  `size` text NOT NULL,
  `size_short` text NOT NULL,
  `size_status` text NOT NULL,
  PRIMARY KEY (`size_id`)
) ENGINE=InnoDB  DEFAULT CHARSET=latin1 AUTO_INCREMENT=7 ;

--
-- Dumping data for table `tbl_size`
--

INSERT INTO `tbl_size` (`size_id`, `size`, `size_short`, `size_status`) VALUES
(1, 'Extra Small', 'XS', 'Enable'),
(2, 'Small', 'S', 'Enable'),
(3, 'Medium', 'M', 'Enable'),
(4, 'Large', 'L', 'Enable'),
(6, '', '', 'Disable');

-- --------------------------------------------------------

--
-- Table structure for table `tbl_stock`
--

DROP TABLE IF EXISTS `tbl_stock`;
CREATE TABLE IF NOT EXISTS `tbl_stock` (
  `stock_id` int(11) NOT NULL AUTO_INCREMENT,
  `stock_no` text NOT NULL,
  `client_id` int(11) NOT NULL,
  `location_id` int(11) NOT NULL,
  `stock_status` int(11) NOT NULL,
  `created_by` int(11) NOT NULL,
  `created_on` date NOT NULL,
  `created_time` time NOT NULL,
  PRIMARY KEY (`stock_id`)
) ENGINE=InnoDB  DEFAULT CHARSET=latin1 AUTO_INCREMENT=7 ;

--
-- Dumping data for table `tbl_stock`
--

INSERT INTO `tbl_stock` (`stock_id`, `stock_no`, `client_id`, `location_id`, `stock_status`, `created_by`, `created_on`, `created_time`) VALUES
(1, 'STOCK050619-1', 3, 1, 1, 1, '2019-06-05', '18:21:29'),
(2, 'STOCK050619-2', 4, 2, 1, 1, '2019-06-04', '18:23:06'),
(3, 'STOCK050619-3', 3, 3, 1, 1, '2019-06-05', '18:36:23'),
(4, 'STOCK120619-4', 0, 0, 1, 1, '2019-06-12', '12:50:05'),
(5, 'STOCK130619-5', 3, 1, 1, 1, '2019-06-14', '00:15:20'),
(6, 'STOCK130619-6', 3, 2, 1, 1, '2019-06-14', '00:18:35');

-- --------------------------------------------------------

--
-- Table structure for table `tbl_stock_items`
--

DROP TABLE IF EXISTS `tbl_stock_items`;
CREATE TABLE IF NOT EXISTS `tbl_stock_items` (
  `stock_item_id` int(11) NOT NULL AUTO_INCREMENT,
  `stock_id` int(11) NOT NULL,
  `item_id` int(11) NOT NULL,
  `stock_image` text NOT NULL,
  `stock_color` varchar(50) NOT NULL,
  `stock_quantity` int(11) NOT NULL,
  `stock_orignal_quantity` int(11) NOT NULL,
  `total_yards` double NOT NULL,
  `total_meters` double NOT NULL,
  PRIMARY KEY (`stock_item_id`)
) ENGINE=InnoDB  DEFAULT CHARSET=latin1 AUTO_INCREMENT=14 ;

--
-- Dumping data for table `tbl_stock_items`
--

INSERT INTO `tbl_stock_items` (`stock_item_id`, `stock_id`, `item_id`, `stock_image`, `stock_color`, `stock_quantity`, `stock_orignal_quantity`, `total_yards`, `total_meters`) VALUES
(1, 1, 14, '', '#ffff00', 3, 3, 15, 13.716),
(2, 1, 18, '', '#f1a111', 12, 12, 0, 0),
(3, 2, 16, '572_chair3.jpg', '', 2, 2, 11, 10.058),
(4, 2, 18, '', '#000000', 15, 15, 0, 0),
(5, 2, 19, '', '#c98221', 0, 12, 0, 0),
(6, 3, 25, '780_img2.jpg', '', 2, 2, 13, 11.887),
(7, 3, 24, '', '#7cd130', 1, 1, 4, 3.658),
(8, 5, 18, '88_img3.jpg', '', 9, 25, 0, 0),
(9, 5, 16, '1658_img4.jpg', '', 3, 3, 10, 9.144),
(10, 5, 25, '1342_Solutions.jpg', '', 2, 2, 9, 8.23),
(11, 6, 18, '1686_weather-bg.jpg', '', 7, 23, 0, 0),
(12, 6, 25, '', '#0000ff', 2, 2, 7, 6.401),
(13, 6, 16, '', '#004040', 3, 3, 10, 9.144);

-- --------------------------------------------------------

--
-- Table structure for table `tbl_stock_item_rolls`
--

DROP TABLE IF EXISTS `tbl_stock_item_rolls`;
CREATE TABLE IF NOT EXISTS `tbl_stock_item_rolls` (
  `stock_item_roll_id` int(11) NOT NULL AUTO_INCREMENT,
  `stock_item_id` int(11) NOT NULL,
  `item_id` int(11) NOT NULL,
  `roll_no` text NOT NULL,
  `yards` double NOT NULL,
  `meters` double NOT NULL,
  `is_used` int(11) NOT NULL,
  `is_full_used` int(11) NOT NULL,
  PRIMARY KEY (`stock_item_roll_id`)
) ENGINE=InnoDB  DEFAULT CHARSET=latin1 AUTO_INCREMENT=58 ;

--
-- Dumping data for table `tbl_stock_item_rolls`
--

INSERT INTO `tbl_stock_item_rolls` (`stock_item_roll_id`, `stock_item_id`, `item_id`, `roll_no`, `yards`, `meters`, `is_used`, `is_full_used`) VALUES
(4, 3, 16, 'Black Letha-1', 5, 4.572, 1, 1),
(5, 3, 16, 'Black Letha-2', 6, 5.486, 0, 0),
(6, 6, 25, 'White Silk-1', 6, 5.486, 0, 0),
(7, 6, 25, 'White Silk-2', 7, 6.401, 0, 0),
(8, 7, 24, 'Silk Thread-1', 4, 3.658, 0, 0),
(45, 1, 14, 'Black Cotton-1', 4, 3.658, 1, 1),
(46, 1, 14, 'Black Cotton-2', 5, 4.572, 0, 0),
(47, 1, 14, 'Black Cotton-3', 6, 5.486, 0, 0),
(48, 9, 16, 'Black Letha-1', 3, 2.743, 0, 0),
(49, 9, 16, 'Black Letha-2', 2, 1.829, 0, 0),
(50, 9, 16, 'Black Letha-3', 5, 4.572, 0, 0),
(51, 10, 25, 'White Silk-1', 4, 3.658, 0, 0),
(52, 10, 25, 'White Silk-2', 5, 4.572, 0, 0),
(53, 12, 25, 'White Silk-1', 3, 2.743, 1, 1),
(54, 12, 25, 'White Silk-2', 4, 3.658, 1, 1),
(55, 13, 16, 'Black Letha-1', 3, 2.743, 0, 0),
(56, 13, 16, 'Black Letha-2', 3, 2.743, 0, 0),
(57, 13, 16, 'Black Letha-3', 4, 3.658, 0, 0);

-- --------------------------------------------------------

--
-- Table structure for table `tbl_theme`
--

DROP TABLE IF EXISTS `tbl_theme`;
CREATE TABLE IF NOT EXISTS `tbl_theme` (
  `theme_id` int(11) NOT NULL AUTO_INCREMENT,
  `header` longtext NOT NULL,
  `footer` longtext NOT NULL,
  `header_scripts` text NOT NULL,
  `footer_scripts` text NOT NULL,
  `left_side` longtext NOT NULL,
  `right_side` longtext NOT NULL,
  PRIMARY KEY (`theme_id`)
) ENGINE=InnoDB  DEFAULT CHARSET=latin1 AUTO_INCREMENT=2 ;

--
-- Dumping data for table `tbl_theme`
--

INSERT INTO `tbl_theme` (`theme_id`, `header`, `footer`, `header_scripts`, `footer_scripts`, `left_side`, `right_side`) VALUES
(1, '<header id="header">\r\n			<div class="a_head">\r\n				<div class="row clearfix">\r\n					<div class="breaking_news lefter">\r\n						<div class="freq_out">\r\n							<div class="freq"><div class="inner_f"></div><div id="layerBall"></div></div>\r\n						</div><!-- /freq -->\r\n						<?php $GeneralFunctions->topnews(2,"D");?>	\r\n					</div><!-- /breaking news -->\r\n\r\n					<div class="right_bar">\r\n						\r\n\r\n						<div class="social social_head">\r\n							<a href="#" class="bottomtip" title="Twitter"><i class="fa-twitter"></i></a>\r\n							<a href="#" class="bottomtip" title="Facebook"><i class="fa-facebook"></i></a>\r\n							<a href="#" class="bottomtip" title="Google Plus"><i class="fa-google-plus"></i></a>\r\n							<a href="#" class="bottomtip" title="Linkedin"><i class="fa-linkedin"></i></a>\r\n							<a href="#" class="bottomtip" title="Github"><i class="fa-github"></i></a>\r\n							<a href="#" class="bottomtip" title="instagram"><i class="fa-instagram"></i></a>\r\n							<a href="#" class="bottomtip" title="Dribbble"><i class="fa-dribbble"></i></a>\r\n						</div><!-- /social -->\r\n\r\n						<span id="date_time"></span><!-- /date -->\r\n					</div><!-- /right bar -->\r\n				</div><!-- /row -->\r\n			</div><!-- /a head -->\r\n\r\n			<div class="b_head">\r\n				<div class="row clearfix">\r\n					<div class="logo">\r\n						<a href="<?php echo $basepathhtaccess;?>index.html" title="Mal Pak"><img src="<?php echo $basepathhtaccess;?>images/logo.png" alt="Mal Pak"></a>\r\n					</div><!-- /logo -->\r\n	\r\n					<div class="ads">\r\n						<a href="#" title="ADS"></a>\r\n                        \r\n                        <div class="grid_6 toptip maltextcolor" original-title="Malaysia Time"> \r\n                        	<img src="<?php echo $basepathhtaccess;?>images/malayisa_flag.png" alt="Malaysia Time">\r\n							<?php $GeneralFunctions->getTimeByCountry("Asia/Kuala_Lumpur");?>	\r\n                        </div>\r\n                        <div class="grid_6 toptip paktextcolor" original-title="Pakistan Time"> \r\n                        	<img src="<?php echo $basepathhtaccess;?>images/pakistan_flag.png" alt="Pakistan Time">\r\n							<?php $GeneralFunctions->getTimeByCountry("Asia/Karachi");?>	\r\n                        </div>\r\n					</div><!-- /ads -->\r\n				</div><!-- /row -->\r\n			</div><!-- /b head -->\r\n\r\n			<div class="row clearfix">\r\n				<div class="sticky_true">\r\n					<div class="c_head clearfix">\r\n                    	                      <?php $GeneralFunctions->topnav(1);?>	\r\n						<div class="right_icons">\r\n							<div class="search">\r\n								<div class="search_icon"><i class="fa-search"></i></div>\r\n								<div class="s_form">\r\n									<form action="search_result.html" id="search" method="get">\r\n										<input id="inputhead" name="search" type="text" onFocus="if (this.value==''Start Searching...'') this.value = '''';" onBlur="if (this.value=='''') this.value = ''Start Searching...'';" value="Start Searching..." placeholder="Start Searching ...">\r\n										<button type="submit"><i class="fa-search"></i></button>\r\n									</form><!-- /form -->\r\n								</div><!-- /s form -->\r\n							</div><!-- /search -->\r\n                            <a class="tbutton small color9" href="<?php echo $basepathhtaccess;?>images/malpak_membership_form_2018.pdf" target="_blank"> <span>GET MEMBERSHIP</span> </a>\r\n						</div><!-- /right icons -->\r\n					</div><!-- /c head -->\r\n				</div><!-- /sticky -->\r\n			</div><!-- /row -->\r\n		</header>', '<footer id="footer">\r\n        <div class="row clearfix">\r\n            <div class="grid_3">\r\n                <div class="widget">\r\n                    <div class="title"><h4>About MalPak</h4></div>\r\n                    <p> The aims and objectives of the Council are constituted to enhance bilateral trade and commerce interests of persons and corporations conducting commerce and industry between Malaysia and Pakistan, and in particular but not limited :-<br>\r\nEmail:	<a href="contact.html">info@malpak.org</a>\r\n<br><br>\r\n                                              <a href="introduction-detail.html" class="cat color6">Read More</a>\r\n</p>\r\n                </div><!-- /widget -->\r\n            </div><!-- /grid3 -->\r\n\r\n            <div class="grid_3">\r\n                <div class="widget">\r\n                    <div class="title"><h4>Latest News</h4></div>\r\n                    <ul class="small_posts">\r\n                        <?php $GeneralFunctions->bottomnews(3,''D'');?>\r\n                    </ul>\r\n                </div><!-- /widget -->\r\n            </div><!-- /grid3 -->\r\n\r\n            <div class="grid_3">\r\n                <div class="widget">\r\n                    <div class="title"><h4>Latest Events</h4></div>\r\n                    <ul class="small_posts">\r\n                        <?php $GeneralFunctions->bottomevents(3,''D'');?>\r\n                        \r\n                    </ul>\r\n                </div><!-- /widget -->\r\n            </div><!-- /grid3 -->\r\n\r\n            <div class="grid_3">\r\n                <div class="widget">\r\n                    <div class="title"><h4>Newsletters</h4></div>\r\n                    <p> To receive the latest updates and Latest Posts enter your email. </p>\r\n                    <form id="newsletters" method="post" action="http://feedburner.google.com/fb/a/mailverify" target="popupwindow" onSubmit="window.open(''http://feedburner.google.com/fb/a/mailverify?uri=sevenpsd'', ''popupwindow'', ''scrollbars=yes,width=550,height=520'');return true">\r\n                        <input type="email" onFocus="if (this.value==''Type Your Email'') this.value = '''';" onBlur="if (this.value=='''') this.value = ''Type Your Email'';" value="Type Your Email" placeholder="Type Your Email" required="required">\r\n                        <button type="submit"><i class="icon-checkmark"></i></button>\r\n                    </form>\r\n                </div><!-- /widget -->\r\n\r\n                <div class="widget">\r\n                    <div class="title"><h4>Follow us</h4></div>\r\n                    <div class="social">\r\n                        <a href="#" class="toptip" title="Twitter"><i class="fa-twitter"></i></a>\r\n                        <a href="#" class="toptip" title="Facebook"><i class="fa-facebook"></i></a>\r\n                        <a href="#" class="toptip" title="Google Plus"><i class="fa-google-plus"></i></a>\r\n                        <a href="#" class="toptip" title="Linkedin"><i class="fa-linkedin"></i></a>\r\n                        <a href="#" class="toptip" title="Github"><i class="fa-github"></i></a>\r\n                        <a href="#" class="toptip" title="instagram"><i class="fa-instagram"></i></a>\r\n                        <a href="#" class="toptip" title="Dribbble"><i class="fa-dribbble"></i></a>\r\n                    </div><!-- /social -->\r\n                </div><!-- /widget -->\r\n            </div><!-- /grid3 -->\r\n\r\n        </div><!-- /row -->\r\n\r\n        <div class="row clearfix">\r\n            <div class="footer_last">\r\n                <span class="copyright"> Copyrights 2018 . All Rights Reserved. Powered by <a href="http://malpak.org">MalPak.org</a>.</span>\r\n\r\n                <div id="toTop" class="toptip" title="Back to Top"><i class="icon-arrow-thin-up"></i></div>\r\n            </div><!-- /last footer -->\r\n        </div><!-- /row -->\r\n\r\n    </footer>', '<!-- Styles -->\r\n		<link rel="stylesheet" type="text/css" href="<?php echo $basepathhtaccess;?>style.css" media="screen" />\r\n		<link rel="stylesheet" type="text/css" href="<?php echo $basepathhtaccess;?>styles/icons.css" media="screen" />\r\n		<link rel="stylesheet" type="text/css" href="<?php echo $basepathhtaccess;?>styles/animate.css" media="screen" />\r\n		<link rel="stylesheet" type="text/css" href="<?php echo $basepathhtaccess;?>styles/responsive.css" media="screen" />\r\n		<link href=''http://fonts.googleapis.com/css?family=Roboto:400,300,100,500'' rel=''stylesheet'' type=''text/css''>\r\n                <link rel="stylesheet" href="<?php echo $basepathhtaccess;?>lightbox/css/lightbox.min.css">\r\n\r\n	<!-- Favicon -->\r\n		<link rel="shortcut icon" href="<?php echo $logo_path;?>">\r\n		<link rel="apple-touch-icon" href="<?php echo $logo_path;?>">\r\n\r\n	<!--[if IE]>\r\n		<meta http-equiv="X-UA-Compatible" content="IE=9; IE=8; IE=EmulateIE8; IE=EDGE" />\r\n		<script src="http://html5shim.googlecode.com/svn/trunk/html5.js"></script>\r\n	<![endif]-->', '<script type="text/javascript" src="<?php echo $basepathhtaccess;?>js/jquery.min.js"></script>\r\n\r\n<script type="text/javascript" src="<?php echo $basepathhtaccess;?>js/ipress.js"></script>\r\n<script type="text/javascript" src="<?php echo $basepathhtaccess;?>js/owl.carousel.min.js"></script>\r\n<script type="text/javascript" src="<?php echo $basepathhtaccess;?>js/jquery.ticker.js"></script>\r\n<script type="text/javascript" src="<?php echo $basepathhtaccess;?>js/custom.js"></script>\r\n\r\n<link rel="stylesheet" type="text/css" href="<?php echo $basepathhtaccess;?>lightbox.css" media="screen" />	\r\n    <script src="<?php echo $basepathhtaccess;?>lightbox/js/lightbox.js"></script>   \r\n\r\n<!-- <script src="<?php echo $basepathhtaccess;?>lightbox/js/lightbox-plus-jquery.min.js"></script>-->\r\n<script type="text/javascript">\r\n		/* <![CDATA[ */\r\n			function date_time(id){\r\n				date = new Date;\r\n				year = date.getFullYear();\r\n				month = date.getMonth();\r\n				months = new Array(''January'', ''February'', ''March'', ''April'', ''May'', ''June'', ''Jully'', ''August'', ''September'', ''October'', ''November'', ''December'');\r\n				d = date.getDate();\r\n				day = date.getDay();\r\n				days = new Array(''Sunday'', ''Monday'', ''Tuesday'', ''Wednesday'', ''Thursday'', ''Friday'', ''Saturday'');\r\n				h = date.getHours();\r\n				if(h<10){\r\n					h = "0"+h;}\r\n					m = date.getMinutes();\r\n					if(m<10){\r\n						m = "0"+m;\r\n					}\r\n					s = date.getSeconds();\r\n					if(s<10){\r\n						s = "0"+s;\r\n					}\r\n				// result = ''''+days[day]+'' ''+months[month]+'' ''+d+'' ''+year+'' ''+h+'':''+m+'':''+s;\r\n				result = ''''+days[day]+'' ''+d+'' ''+months[month]+'' ''+year;\r\n				document.getElementById(id).innerHTML = result;\r\n				setTimeout(''date_time("''+id+''");'',''1000'');\r\n				return true;\r\n			}\r\n			window.onload = date_time(''date_time'');\r\n		/* ]]> */\r\n</script>', '<div class="grid_4 alpha sidebar sidebar_b">\r\n						<!-- <div class="widget">\r\n							<div class="title"><h4>Like Us</h4></div>\r\n							<div class="bg_light"><iframe src="http://www.facebook.com/plugins/likebox.php?href=http%3A%2F%2Fwww.facebook.com%2Fenvato&width=313&height=300&show_faces=true&colorscheme=light&stream=false&border_color&header=true&appId=138798126277575" height="200"></iframe></div>\r\n						</div>\r\n                                                -->\r\n<!-- widget -->\r\n\r\n				<?php $GeneralFunctions->secretariatView1(3,"A");?>\r\n                        \r\n                        <div class="widget">\r\n							<div class="title"><h4>Popular Links</h4></div>\r\n							<div class="tags">\r\n								<a href="#" title="17 topic"> Latest News </a>\r\n								<a href="#" title="44 topic"> Constitution 2018 </a>\r\n								<a href="#" title="10 topic"> Get Membership </a>\r\n								<a href="#" title="2 topic"> Subscription </a>\r\n								<a href="#" title="29 topic"> Complains </a>\r\n                                <a href="#" title="29 topic"> Latest Events </a>\r\n							</div>\r\n						</div><!-- widget -->\r\n\r\n						\r\n\r\n					</div>', '<div class="grid_3 omega sidebar sidebar_a">\r\n					<div class="widget">\r\n						<ul class="counter clearfix">\r\n							<li class="twitter">\r\n								<a href="#"><i class="fa fa-twitter"></i></a>\r\n								<span> 2545 <br> Followes </span>\r\n							</li>\r\n							<li class="facebook">\r\n								<a href="#"><i class="fa fa-facebook"></i></a>\r\n								<span> 1317 <br> Likes </span>\r\n							</li>\r\n							<li class="dribbble">\r\n								<a href="#"><i class="fa fa-dribbble"></i></a>\r\n								<span> 325 <br> Followes </span>\r\n							</li>\r\n							<li class="rss">\r\n								<a href="#"><i class="fa fa-rss"></i></a>\r\n								<span> 27 <br> Subscribers </span>\r\n							</li>\r\n						</ul>\r\n					</div><!-- widget -->\r\n\r\n					\r\n\r\n					<div class="widget">\r\n						<div class="ads_widget clearfix">\r\n							<a href="<?php echo $basepathhtaccess;?>events.html"><img src="<?php echo $basepathhtaccess;?>images/latest_events.jpg" alt="#"></a>\r\n							<a href="#" class="lefter mt"><img src="<?php echo $basepathhtaccess;?>images/enquiry.png" alt="#"></a>\r\n							<a href="#" class="righter mt"><img src="<?php echo $basepathhtaccess;?>images/subscribe.png" id="subscribeImg" alt="#"></a>\r\n						</div><!-- widget -->\r\n					</div><!-- widget -->\r\n                    <div class="widget">\r\n                    	<a href="<?php echo $basepathhtaccess;?>images/malpak_constitution_2018.pdf" target="_blank"><img src="<?php echo $basepathhtaccess;?>images/constitution_2018.jpg" alt="MalPak Constitution 2018" ></a>\r\n                    </div>\r\n					<div class="widget">\r\n						<div class="title"><h4>Opening Hours</h4></div>\r\n						<div>\r\n							<b>Office Timings</b><br>\r\n                            \r\n                            <strong>Monday to Thursday</strong><br>\r\n                            1000 to 1200 hrs. & <br>\r\n                            1400 to 1600 hrs.<br>\r\n                            <strong>Friday</strong><br>\r\n                            1000 to 1200 hrs. & <br>\r\n                            1430 to 1600 hrs.<br>\r\n                            \r\n                            <strong>Appointment Booking Line</strong><br>\r\n                            1234 567 8910*<br><br>\r\n							<span class="redcolor">Please feel free in case of any query.</span>\r\n						</div>\r\n					</div><!-- /widget -->\r\n\r\n				</div>');

-- --------------------------------------------------------

--
-- Table structure for table `tbl_uom`
--

DROP TABLE IF EXISTS `tbl_uom`;
CREATE TABLE IF NOT EXISTS `tbl_uom` (
  `uom_id` int(11) NOT NULL AUTO_INCREMENT,
  `uom` text NOT NULL,
  `uom_order` int(11) NOT NULL,
  `uom_status` text NOT NULL,
  PRIMARY KEY (`uom_id`)
) ENGINE=InnoDB  DEFAULT CHARSET=latin1 AUTO_INCREMENT=9 ;

--
-- Dumping data for table `tbl_uom`
--

INSERT INTO `tbl_uom` (`uom_id`, `uom`, `uom_order`, `uom_status`) VALUES
(1, 'Roll', 1, 'Enable'),
(2, 'Gram', 2, 'Enable'),
(3, 'KG', 3, 'Enable'),
(4, 'Meter', 4, 'Enable'),
(7, 'Yard', 0, 'Enable'),
(8, 'Units', 0, 'Enable');

-- --------------------------------------------------------

--
-- Table structure for table `tbl_users`
--

DROP TABLE IF EXISTS `tbl_users`;
CREATE TABLE IF NOT EXISTS `tbl_users` (
  `user_id` int(11) NOT NULL AUTO_INCREMENT,
  `log_id` int(11) NOT NULL,
  `user_first_name` text NOT NULL,
  `address` text NOT NULL,
  `postcode` int(11) NOT NULL,
  `city` text NOT NULL,
  `state` text NOT NULL,
  `country` text NOT NULL,
  `office_tel` text NOT NULL,
  `office_fax` text NOT NULL,
  `user_email` text NOT NULL,
  `user_photo` text NOT NULL,
  `user_register_by` int(11) NOT NULL,
  `user_register_date` date NOT NULL,
  PRIMARY KEY (`user_id`)
) ENGINE=MyISAM  DEFAULT CHARSET=latin1 AUTO_INCREMENT=66 ;

--
-- Dumping data for table `tbl_users`
--

INSERT INTO `tbl_users` (`user_id`, `log_id`, `user_first_name`, `address`, `postcode`, `city`, `state`, `country`, `office_tel`, `office_fax`, `user_email`, `user_photo`, `user_register_by`, `user_register_date`) VALUES
(1, 1, 'D-Safe', 'kl', 53300, 'KUALA LUMPUR', '', 'Malaysia', '1212121212', '123123213', 'admin@gmail.com', '', 1, '2018-04-24'),
(54, 3, 'Barion Systems', '', 0, '', '', '', '45445454', '', 'bawabro@gmail.com', '', 0, '2019-06-03'),
(55, 4, 'MBA', '', 0, '', '', '', '8678534545', '', 'mba@gmail.com', '', 0, '0000-00-00'),
(56, 123, 'fairy1', '', 0, '', '', '', '213131313131311', '', 'fairy1@gmail.com', '', 0, '0000-00-00'),
(58, 125, 'Sameer', 'street 12 house 12 lahore', 0, '', '', '', '726372632', '', 'sameer@gmail.com', '', 0, '0000-00-00'),
(59, 126, 'Asghar', '868768', 0, '', '', '', '687686', '', 'asghar@gmail.com', '', 0, '0000-00-00'),
(61, 128, 'samar', '', 0, '', '', '', '324422', '', 'samar@gmail.com', '', 0, '0000-00-00'),
(62, 129, 'Naeem', '', 0, '', '', '', '78876767', '', 'naeem@gmail.com', '', 0, '0000-00-00'),
(63, 130, 'Noman', '', 0, '', '', '', '2342342343', '', 'noman@gmail.com', '', 0, '0000-00-00'),
(64, 131, 'test', '', 0, '', '', '', '3534534534545', '', 'testadmin@gmail.com', '', 0, '0000-00-00');

-- --------------------------------------------------------

--
-- Table structure for table `tbl_users_attributes`
--

DROP TABLE IF EXISTS `tbl_users_attributes`;
CREATE TABLE IF NOT EXISTS `tbl_users_attributes` (
  `users_attribute_id` int(11) NOT NULL AUTO_INCREMENT,
  `log_id` int(11) NOT NULL,
  `attribute_id` int(11) NOT NULL,
  `users_attribute_sts` char(1) NOT NULL,
  PRIMARY KEY (`users_attribute_id`)
) ENGINE=InnoDB  DEFAULT CHARSET=latin1 AUTO_INCREMENT=14 ;

--
-- Dumping data for table `tbl_users_attributes`
--

INSERT INTO `tbl_users_attributes` (`users_attribute_id`, `log_id`, `attribute_id`, `users_attribute_sts`) VALUES
(1, 128, 3, 'A'),
(2, 128, 4, 'D'),
(3, 128, 2, 'A'),
(4, 129, 3, 'A'),
(5, 129, 4, 'A'),
(6, 129, 1, 'A'),
(7, 130, 3, 'A'),
(8, 130, 2, 'D'),
(9, 130, 4, 'A'),
(10, 131, 3, 'A'),
(11, 131, 4, 'A'),
(12, 131, 2, 'A'),
(13, 131, 1, 'A');

-- --------------------------------------------------------

--
-- Table structure for table `tbl_user_assign_modules`
--

DROP TABLE IF EXISTS `tbl_user_assign_modules`;
CREATE TABLE IF NOT EXISTS `tbl_user_assign_modules` (
  `assign_module_id` int(11) NOT NULL AUTO_INCREMENT,
  `mod_id` int(11) NOT NULL,
  `log_id` int(11) NOT NULL,
  PRIMARY KEY (`assign_module_id`)
) ENGINE=InnoDB DEFAULT CHARSET=latin1 AUTO_INCREMENT=1 ;

-- --------------------------------------------------------

--
-- Table structure for table `tbl_user_assign_modules_pages`
--

DROP TABLE IF EXISTS `tbl_user_assign_modules_pages`;
CREATE TABLE IF NOT EXISTS `tbl_user_assign_modules_pages` (
  `assign_modules_pages_id` int(11) NOT NULL AUTO_INCREMENT,
  `log_id` int(11) NOT NULL,
  `mod_id` int(11) NOT NULL,
  `link_id` int(11) NOT NULL,
  PRIMARY KEY (`assign_modules_pages_id`)
) ENGINE=InnoDB DEFAULT CHARSET=latin1 AUTO_INCREMENT=1 ;

-- --------------------------------------------------------

--
-- Table structure for table `tbl_user_role_options`
--

DROP TABLE IF EXISTS `tbl_user_role_options`;
CREATE TABLE IF NOT EXISTS `tbl_user_role_options` (
  `user_role_option_id` int(11) NOT NULL AUTO_INCREMENT,
  `mod_id` int(11) NOT NULL,
  `link_id` int(11) NOT NULL,
  `option_id` int(11) NOT NULL,
  `typ_id` int(11) NOT NULL,
  `user_role_option_status` int(11) NOT NULL,
  PRIMARY KEY (`user_role_option_id`)
) ENGINE=InnoDB  DEFAULT CHARSET=latin1 AUTO_INCREMENT=2465 ;

--
-- Dumping data for table `tbl_user_role_options`
--

INSERT INTO `tbl_user_role_options` (`user_role_option_id`, `mod_id`, `link_id`, `option_id`, `typ_id`, `user_role_option_status`) VALUES
(1, 1, 1, 1, 2, 1),
(2, 1, 1, 2, 2, 1),
(3, 1, 1, 3, 2, 1),
(4, 1, 1, 4, 2, 0),
(5, 1, 1, 6, 2, 0),
(6, 1, 1, 7, 2, 0),
(7, 1, 1, 8, 2, 0),
(8, 2, 15, 1, 2, 0),
(9, 2, 15, 2, 2, 0),
(10, 2, 15, 3, 2, 0),
(11, 2, 15, 4, 2, 0),
(12, 2, 15, 6, 2, 0),
(13, 2, 15, 7, 2, 0),
(14, 2, 15, 8, 2, 0),
(15, 2, 14, 1, 2, 0),
(16, 2, 14, 2, 2, 0),
(17, 2, 14, 3, 2, 0),
(18, 2, 14, 4, 2, 0),
(19, 2, 14, 6, 2, 0),
(20, 2, 14, 7, 2, 0),
(21, 2, 14, 8, 2, 0),
(22, 2, 12, 1, 2, 0),
(23, 2, 12, 2, 2, 0),
(24, 2, 12, 3, 2, 0),
(25, 2, 12, 4, 2, 0),
(26, 2, 12, 6, 2, 0),
(27, 2, 12, 7, 2, 0),
(28, 2, 12, 8, 2, 0),
(29, 2, 11, 1, 2, 0),
(30, 2, 11, 2, 2, 0),
(31, 2, 11, 3, 2, 0),
(32, 2, 11, 4, 2, 0),
(33, 2, 11, 6, 2, 0),
(34, 2, 11, 7, 2, 0),
(35, 2, 11, 8, 2, 0),
(36, 2, 8, 1, 2, 0),
(37, 2, 8, 2, 2, 0),
(38, 2, 8, 3, 2, 0),
(39, 2, 8, 4, 2, 0),
(40, 2, 8, 6, 2, 0),
(41, 2, 8, 7, 2, 0),
(42, 2, 8, 8, 2, 0),
(43, 2, 7, 1, 2, 0),
(44, 2, 7, 2, 2, 0),
(45, 2, 7, 3, 2, 0),
(46, 2, 7, 4, 2, 0),
(47, 2, 7, 6, 2, 0),
(48, 2, 7, 7, 2, 0),
(49, 2, 7, 8, 2, 0),
(50, 2, 6, 1, 2, 0),
(51, 2, 6, 2, 2, 0),
(52, 2, 6, 3, 2, 0),
(53, 2, 6, 4, 2, 0),
(54, 2, 6, 6, 2, 0),
(55, 2, 6, 7, 2, 0),
(56, 2, 6, 8, 2, 0),
(57, 2, 5, 1, 2, 0),
(58, 2, 5, 2, 2, 0),
(59, 2, 5, 3, 2, 0),
(60, 2, 5, 4, 2, 0),
(61, 2, 5, 6, 2, 0),
(62, 2, 5, 7, 2, 0),
(63, 2, 5, 8, 2, 0),
(64, 2, 4, 1, 2, 0),
(65, 2, 4, 2, 2, 0),
(66, 2, 4, 3, 2, 0),
(67, 2, 4, 4, 2, 0),
(68, 2, 4, 6, 2, 0),
(69, 2, 4, 7, 2, 0),
(70, 2, 4, 8, 2, 0),
(71, 2, 2, 1, 2, 0),
(72, 2, 2, 2, 2, 0),
(73, 2, 2, 3, 2, 0),
(74, 2, 2, 4, 2, 0),
(75, 2, 2, 6, 2, 0),
(76, 2, 2, 7, 2, 0),
(77, 2, 2, 8, 2, 0),
(78, 3, 12, 1, 2, 0),
(79, 3, 12, 2, 2, 0),
(80, 3, 12, 3, 2, 0),
(81, 3, 12, 4, 2, 0),
(82, 3, 12, 6, 2, 0),
(83, 3, 12, 7, 2, 0),
(84, 3, 12, 8, 2, 0),
(85, 28, 10, 1, 2, 0),
(86, 28, 10, 2, 2, 0),
(87, 28, 10, 3, 2, 0),
(88, 28, 10, 4, 2, 0),
(89, 28, 10, 6, 2, 0),
(90, 28, 10, 7, 2, 0),
(91, 28, 10, 8, 2, 0),
(92, 28, 115, 1, 2, 0),
(93, 28, 115, 2, 2, 0),
(94, 28, 115, 3, 2, 0),
(95, 28, 115, 4, 2, 0),
(96, 28, 115, 6, 2, 0),
(97, 28, 115, 7, 2, 0),
(98, 28, 115, 8, 2, 0),
(99, 29, 113, 1, 2, 0),
(100, 29, 113, 2, 2, 0),
(101, 29, 113, 3, 2, 0),
(102, 29, 113, 4, 2, 0),
(103, 29, 113, 6, 2, 0),
(104, 29, 113, 7, 2, 0),
(105, 29, 113, 8, 2, 0),
(106, 29, 112, 1, 2, 0),
(107, 29, 112, 2, 2, 0),
(108, 29, 112, 3, 2, 0),
(109, 29, 112, 4, 2, 0),
(110, 29, 112, 6, 2, 0),
(111, 29, 112, 7, 2, 0),
(112, 29, 112, 8, 2, 0),
(113, 29, 111, 1, 2, 0),
(114, 29, 111, 2, 2, 0),
(115, 29, 111, 3, 2, 0),
(116, 29, 111, 4, 2, 0),
(117, 29, 111, 6, 2, 0),
(118, 29, 111, 7, 2, 0),
(119, 29, 111, 8, 2, 0),
(120, 29, 110, 1, 2, 0),
(121, 29, 110, 2, 2, 0),
(122, 29, 110, 3, 2, 0),
(123, 29, 110, 4, 2, 0),
(124, 29, 110, 6, 2, 0),
(125, 29, 110, 7, 2, 0),
(126, 29, 110, 8, 2, 0),
(127, 29, 114, 1, 2, 0),
(128, 29, 114, 2, 2, 0),
(129, 29, 114, 3, 2, 0),
(130, 29, 114, 4, 2, 0),
(131, 29, 114, 6, 2, 0),
(132, 29, 114, 7, 2, 0),
(133, 29, 114, 8, 2, 0),
(134, 82, 329, 1, 2, 0),
(135, 82, 329, 2, 2, 0),
(136, 82, 329, 3, 2, 0),
(137, 82, 329, 4, 2, 0),
(138, 82, 329, 6, 2, 0),
(139, 82, 329, 7, 2, 0),
(140, 82, 329, 8, 2, 0),
(141, 82, 293, 1, 2, 0),
(142, 82, 293, 2, 2, 0),
(143, 82, 293, 3, 2, 0),
(144, 82, 293, 4, 2, 0),
(145, 82, 293, 6, 2, 0),
(146, 82, 293, 7, 2, 0),
(147, 82, 293, 8, 2, 0),
(148, 101, 316, 1, 2, 0),
(149, 101, 316, 2, 2, 0),
(150, 101, 316, 3, 2, 0),
(151, 101, 316, 4, 2, 0),
(152, 101, 316, 6, 2, 0),
(153, 101, 316, 7, 2, 0),
(154, 101, 316, 8, 2, 0),
(155, 101, 315, 1, 2, 1),
(156, 101, 315, 2, 2, 0),
(157, 101, 315, 3, 2, 0),
(158, 101, 315, 4, 2, 0),
(159, 101, 315, 6, 2, 0),
(160, 101, 315, 7, 2, 0),
(161, 101, 315, 8, 2, 0),
(162, 102, 320, 1, 2, 0),
(163, 102, 320, 2, 2, 0),
(164, 102, 320, 3, 2, 0),
(165, 102, 320, 4, 2, 0),
(166, 102, 320, 6, 2, 0),
(167, 102, 320, 7, 2, 0),
(168, 102, 320, 8, 2, 0),
(169, 102, 319, 1, 2, 0),
(170, 102, 319, 2, 2, 0),
(171, 102, 319, 3, 2, 0),
(172, 102, 319, 4, 2, 0),
(173, 102, 319, 6, 2, 0),
(174, 102, 319, 7, 2, 0),
(175, 102, 319, 8, 2, 0),
(176, 102, 318, 1, 2, 0),
(177, 102, 318, 2, 2, 0),
(178, 102, 318, 3, 2, 0),
(179, 102, 318, 4, 2, 0),
(180, 102, 318, 6, 2, 0),
(181, 102, 318, 7, 2, 0),
(182, 102, 318, 8, 2, 0),
(183, 102, 317, 1, 2, 0),
(184, 102, 317, 2, 2, 0),
(185, 102, 317, 3, 2, 0),
(186, 102, 317, 4, 2, 0),
(187, 102, 317, 6, 2, 0),
(188, 102, 317, 7, 2, 0),
(189, 102, 317, 8, 2, 0),
(190, 103, 322, 1, 2, 0),
(191, 103, 322, 2, 2, 0),
(192, 103, 322, 3, 2, 0),
(193, 103, 322, 4, 2, 0),
(194, 103, 322, 6, 2, 0),
(195, 103, 322, 7, 2, 0),
(196, 103, 322, 8, 2, 0),
(197, 103, 321, 1, 2, 0),
(198, 103, 321, 2, 2, 0),
(199, 103, 321, 3, 2, 0),
(200, 103, 321, 4, 2, 0),
(201, 103, 321, 6, 2, 0),
(202, 103, 321, 7, 2, 0),
(203, 103, 321, 8, 2, 0),
(204, 104, 324, 1, 2, 0),
(205, 104, 324, 2, 2, 0),
(206, 104, 324, 3, 2, 0),
(207, 104, 324, 4, 2, 0),
(208, 104, 324, 6, 2, 0),
(209, 104, 324, 7, 2, 0),
(210, 104, 324, 8, 2, 0),
(211, 104, 323, 1, 2, 0),
(212, 104, 323, 2, 2, 0),
(213, 104, 323, 3, 2, 0),
(214, 104, 323, 4, 2, 0),
(215, 104, 323, 6, 2, 0),
(216, 104, 323, 7, 2, 0),
(217, 104, 323, 8, 2, 0),
(218, 105, 326, 1, 2, 0),
(219, 105, 326, 2, 2, 0),
(220, 105, 326, 3, 2, 0),
(221, 105, 326, 4, 2, 0),
(222, 105, 326, 6, 2, 0),
(223, 105, 326, 7, 2, 0),
(224, 105, 326, 8, 2, 0),
(225, 105, 325, 1, 2, 0),
(226, 105, 325, 2, 2, 0),
(227, 105, 325, 3, 2, 0),
(228, 105, 325, 4, 2, 0),
(229, 105, 325, 6, 2, 0),
(230, 105, 325, 7, 2, 0),
(231, 105, 325, 8, 2, 0),
(232, 105, 328, 1, 2, 0),
(233, 105, 328, 2, 2, 0),
(234, 105, 328, 3, 2, 0),
(235, 105, 328, 4, 2, 0),
(236, 105, 328, 6, 2, 0),
(237, 105, 328, 7, 2, 0),
(238, 105, 328, 8, 2, 0),
(239, 105, 327, 1, 2, 0),
(240, 105, 327, 2, 2, 0),
(241, 105, 327, 3, 2, 0),
(242, 105, 327, 4, 2, 0),
(243, 105, 327, 6, 2, 0),
(244, 105, 327, 7, 2, 0),
(245, 105, 327, 8, 2, 0),
(246, 106, 330, 1, 2, 0),
(247, 106, 330, 2, 2, 0),
(248, 106, 330, 3, 2, 0),
(249, 106, 330, 4, 2, 0),
(250, 106, 330, 6, 2, 0),
(251, 106, 330, 7, 2, 0),
(252, 106, 330, 8, 2, 0),
(253, 106, 331, 1, 2, 0),
(254, 106, 331, 2, 2, 0),
(255, 106, 331, 3, 2, 0),
(256, 106, 331, 4, 2, 0),
(257, 106, 331, 6, 2, 0),
(258, 106, 331, 7, 2, 0),
(259, 106, 331, 8, 2, 0),
(260, 107, 332, 1, 2, 1),
(261, 107, 332, 2, 2, 1),
(262, 107, 332, 3, 2, 0),
(263, 107, 332, 4, 2, 0),
(264, 107, 332, 6, 2, 0),
(265, 107, 332, 7, 2, 0),
(266, 107, 332, 8, 2, 0),
(267, 108, 333, 1, 2, 0),
(268, 108, 333, 2, 2, 0),
(269, 108, 333, 3, 2, 0),
(270, 108, 333, 4, 2, 0),
(271, 108, 333, 6, 2, 0),
(272, 108, 333, 7, 2, 0),
(273, 108, 333, 8, 2, 0),
(274, 109, 335, 1, 2, 0),
(275, 109, 335, 2, 2, 0),
(276, 109, 335, 3, 2, 0),
(277, 109, 335, 4, 2, 0),
(278, 109, 335, 6, 2, 0),
(279, 109, 335, 7, 2, 0),
(280, 109, 335, 8, 2, 0),
(512, 1, 1, 1, 1, 1),
(513, 1, 1, 2, 1, 1),
(514, 1, 1, 3, 1, 1),
(515, 1, 1, 4, 1, 1),
(516, 1, 1, 6, 1, 0),
(517, 1, 1, 7, 1, 0),
(518, 1, 1, 8, 1, 0),
(519, 2, 15, 1, 1, 1),
(520, 2, 15, 2, 1, 1),
(521, 2, 15, 3, 1, 1),
(522, 2, 15, 4, 1, 0),
(523, 2, 15, 6, 1, 0),
(524, 2, 15, 7, 1, 0),
(525, 2, 15, 8, 1, 0),
(526, 2, 14, 1, 1, 1),
(527, 2, 14, 2, 1, 1),
(528, 2, 14, 3, 1, 1),
(529, 2, 14, 4, 1, 0),
(530, 2, 14, 6, 1, 0),
(531, 2, 14, 7, 1, 0),
(532, 2, 14, 8, 1, 0),
(533, 2, 12, 1, 1, 1),
(534, 2, 12, 2, 1, 1),
(535, 2, 12, 3, 1, 1),
(536, 2, 12, 4, 1, 0),
(537, 2, 12, 6, 1, 0),
(538, 2, 12, 7, 1, 0),
(539, 2, 12, 8, 1, 0),
(540, 2, 11, 1, 1, 1),
(541, 2, 11, 2, 1, 1),
(542, 2, 11, 3, 1, 1),
(543, 2, 11, 4, 1, 0),
(544, 2, 11, 6, 1, 0),
(545, 2, 11, 7, 1, 0),
(546, 2, 11, 8, 1, 0),
(547, 2, 8, 1, 1, 1),
(548, 2, 8, 2, 1, 1),
(549, 2, 8, 3, 1, 1),
(550, 2, 8, 4, 1, 0),
(551, 2, 8, 6, 1, 0),
(552, 2, 8, 7, 1, 0),
(553, 2, 8, 8, 1, 0),
(554, 2, 7, 1, 1, 1),
(555, 2, 7, 2, 1, 1),
(556, 2, 7, 3, 1, 1),
(557, 2, 7, 4, 1, 0),
(558, 2, 7, 6, 1, 0),
(559, 2, 7, 7, 1, 0),
(560, 2, 7, 8, 1, 0),
(561, 2, 6, 1, 1, 1),
(562, 2, 6, 2, 1, 1),
(563, 2, 6, 3, 1, 1),
(564, 2, 6, 4, 1, 0),
(565, 2, 6, 6, 1, 0),
(566, 2, 6, 7, 1, 0),
(567, 2, 6, 8, 1, 0),
(568, 2, 5, 1, 1, 1),
(569, 2, 5, 2, 1, 1),
(570, 2, 5, 3, 1, 1),
(571, 2, 5, 4, 1, 0),
(572, 2, 5, 6, 1, 0),
(573, 2, 5, 7, 1, 0),
(574, 2, 5, 8, 1, 0),
(575, 2, 4, 1, 1, 1),
(576, 2, 4, 2, 1, 1),
(577, 2, 4, 3, 1, 1),
(578, 2, 4, 4, 1, 0),
(579, 2, 4, 6, 1, 0),
(580, 2, 4, 7, 1, 0),
(581, 2, 4, 8, 1, 0),
(582, 2, 2, 1, 1, 1),
(583, 2, 2, 2, 1, 1),
(584, 2, 2, 3, 1, 1),
(585, 2, 2, 4, 1, 0),
(586, 2, 2, 6, 1, 0),
(587, 2, 2, 7, 1, 0),
(588, 2, 2, 8, 1, 0),
(589, 3, 12, 1, 1, 1),
(590, 3, 12, 2, 1, 1),
(591, 3, 12, 3, 1, 1),
(592, 3, 12, 4, 1, 0),
(593, 3, 12, 6, 1, 0),
(594, 3, 12, 7, 1, 0),
(595, 3, 12, 8, 1, 0),
(596, 28, 10, 1, 1, 1),
(597, 28, 10, 2, 1, 1),
(598, 28, 10, 3, 1, 1),
(599, 28, 10, 4, 1, 1),
(600, 28, 10, 6, 1, 1),
(601, 28, 10, 7, 1, 1),
(602, 28, 10, 8, 1, 0),
(603, 28, 115, 1, 1, 1),
(604, 28, 115, 2, 1, 1),
(605, 28, 115, 3, 1, 1),
(606, 28, 115, 4, 1, 1),
(607, 28, 115, 6, 1, 1),
(608, 28, 115, 7, 1, 1),
(609, 28, 115, 8, 1, 0),
(610, 29, 113, 1, 1, 0),
(611, 29, 113, 2, 1, 0),
(612, 29, 113, 3, 1, 0),
(613, 29, 113, 4, 1, 0),
(614, 29, 113, 6, 1, 0),
(615, 29, 113, 7, 1, 0),
(616, 29, 113, 8, 1, 0),
(617, 29, 112, 1, 1, 0),
(618, 29, 112, 2, 1, 0),
(619, 29, 112, 3, 1, 0),
(620, 29, 112, 4, 1, 0),
(621, 29, 112, 6, 1, 0),
(622, 29, 112, 7, 1, 0),
(623, 29, 112, 8, 1, 0),
(624, 29, 111, 1, 1, 0),
(625, 29, 111, 2, 1, 0),
(626, 29, 111, 3, 1, 0),
(627, 29, 111, 4, 1, 0),
(628, 29, 111, 6, 1, 0),
(629, 29, 111, 7, 1, 0),
(630, 29, 111, 8, 1, 0),
(631, 29, 110, 1, 1, 0),
(632, 29, 110, 2, 1, 0),
(633, 29, 110, 3, 1, 0),
(634, 29, 110, 4, 1, 0),
(635, 29, 110, 6, 1, 0),
(636, 29, 110, 7, 1, 0),
(637, 29, 110, 8, 1, 0),
(638, 29, 114, 1, 1, 0),
(639, 29, 114, 2, 1, 0),
(640, 29, 114, 3, 1, 0),
(641, 29, 114, 4, 1, 0),
(642, 29, 114, 6, 1, 0),
(643, 29, 114, 7, 1, 0),
(644, 29, 114, 8, 1, 0),
(645, 82, 293, 1, 1, 1),
(646, 82, 293, 2, 1, 1),
(647, 82, 293, 3, 1, 1),
(648, 82, 293, 4, 1, 0),
(649, 82, 293, 6, 1, 0),
(650, 82, 293, 7, 1, 0),
(651, 82, 293, 8, 1, 0),
(652, 112, 341, 1, 1, 0),
(653, 112, 341, 2, 1, 0),
(654, 112, 341, 3, 1, 0),
(655, 112, 341, 4, 1, 0),
(656, 112, 341, 6, 1, 0),
(657, 112, 341, 7, 1, 0),
(658, 112, 341, 8, 1, 0),
(659, 111, 339, 1, 1, 0),
(660, 111, 339, 2, 1, 0),
(661, 111, 339, 3, 1, 0),
(662, 111, 339, 4, 1, 0),
(663, 111, 339, 6, 1, 0),
(664, 111, 339, 7, 1, 0),
(665, 111, 339, 8, 1, 0),
(666, 110, 337, 1, 1, 0),
(667, 110, 337, 2, 1, 0),
(668, 110, 337, 3, 1, 0),
(669, 110, 337, 4, 1, 0),
(670, 110, 337, 6, 1, 0),
(671, 110, 337, 7, 1, 0),
(672, 110, 337, 8, 1, 0),
(673, 109, 335, 1, 1, 0),
(674, 109, 335, 2, 1, 0),
(675, 109, 335, 3, 1, 0),
(676, 109, 335, 4, 1, 0),
(677, 109, 335, 6, 1, 0),
(678, 109, 335, 7, 1, 0),
(679, 109, 335, 8, 1, 0),
(680, 108, 333, 1, 1, 0),
(681, 108, 333, 2, 1, 0),
(682, 108, 333, 3, 1, 0),
(683, 108, 333, 4, 1, 0),
(684, 108, 333, 6, 1, 0),
(685, 108, 333, 7, 1, 0),
(686, 108, 333, 8, 1, 0),
(687, 107, 332, 1, 1, 1),
(688, 107, 332, 2, 1, 1),
(689, 107, 332, 3, 1, 1),
(690, 107, 332, 4, 1, 0),
(691, 107, 332, 6, 1, 0),
(692, 107, 332, 7, 1, 0),
(693, 107, 332, 8, 1, 0),
(694, 113, 344, 1, 1, 0),
(695, 113, 344, 2, 1, 0),
(696, 113, 344, 3, 1, 0),
(697, 113, 344, 4, 1, 0),
(698, 113, 344, 6, 1, 0),
(699, 113, 344, 7, 1, 0),
(700, 113, 344, 8, 1, 0),
(701, 114, 346, 1, 1, 0),
(702, 114, 346, 2, 1, 0),
(703, 114, 346, 3, 1, 0),
(704, 114, 346, 4, 1, 0),
(705, 114, 346, 6, 1, 0),
(706, 114, 346, 7, 1, 0),
(707, 114, 346, 8, 1, 0),
(708, 115, 348, 1, 1, 0),
(709, 115, 348, 2, 1, 0),
(710, 115, 348, 3, 1, 0),
(711, 115, 348, 4, 1, 0),
(712, 115, 348, 6, 1, 0),
(713, 115, 348, 7, 1, 0),
(714, 115, 348, 8, 1, 0),
(715, 116, 350, 1, 1, 0),
(716, 116, 350, 2, 1, 0),
(717, 116, 350, 3, 1, 0),
(718, 116, 350, 4, 1, 0),
(719, 116, 350, 6, 1, 0),
(720, 116, 350, 7, 1, 0),
(721, 116, 350, 8, 1, 0),
(722, 117, 352, 1, 1, 0),
(723, 117, 352, 2, 1, 0),
(724, 117, 352, 3, 1, 0),
(725, 117, 352, 4, 1, 0),
(726, 117, 352, 6, 1, 0),
(727, 117, 352, 7, 1, 0),
(728, 117, 352, 8, 1, 0),
(729, 118, 353, 1, 1, 0),
(730, 118, 353, 2, 1, 0),
(731, 118, 353, 3, 1, 0),
(732, 118, 353, 4, 1, 0),
(733, 118, 353, 6, 1, 0),
(734, 118, 353, 7, 1, 0),
(735, 118, 353, 8, 1, 0),
(960, 119, 356, 1, 1, 0),
(961, 119, 356, 2, 1, 0),
(962, 119, 356, 3, 1, 0),
(963, 119, 356, 4, 1, 0),
(964, 119, 356, 6, 1, 0),
(965, 119, 356, 7, 1, 0),
(966, 119, 356, 8, 1, 0),
(988, 120, 358, 1, 1, 0),
(989, 120, 358, 2, 1, 0),
(990, 120, 358, 3, 1, 0),
(991, 120, 358, 4, 1, 0),
(992, 120, 358, 6, 1, 0),
(993, 120, 358, 7, 1, 0),
(994, 120, 358, 8, 1, 0),
(995, 121, 359, 1, 1, 0),
(996, 121, 359, 2, 1, 0),
(997, 121, 359, 3, 1, 0),
(998, 121, 359, 4, 1, 0),
(999, 121, 359, 6, 1, 0),
(1000, 121, 359, 7, 1, 0),
(1001, 121, 359, 8, 1, 0),
(1009, 122, 362, 1, 1, 0),
(1010, 122, 362, 2, 1, 0),
(1011, 122, 362, 3, 1, 0),
(1012, 122, 362, 4, 1, 0),
(1013, 122, 362, 6, 1, 0),
(1014, 122, 362, 7, 1, 0),
(1015, 122, 362, 8, 1, 0),
(1016, 117, 364, 1, 1, 0),
(1017, 117, 364, 2, 1, 0),
(1018, 117, 364, 3, 1, 0),
(1019, 117, 364, 4, 1, 0),
(1020, 117, 364, 6, 1, 0),
(1021, 117, 364, 7, 1, 0),
(1022, 117, 364, 8, 1, 0),
(1023, 1, 1, 1, 3, 1),
(1024, 1, 1, 2, 3, 0),
(1025, 1, 1, 3, 3, 0),
(1026, 1, 1, 4, 3, 0),
(1027, 1, 1, 6, 3, 0),
(1028, 1, 1, 7, 3, 0),
(1029, 1, 1, 8, 3, 0),
(1030, 2, 15, 1, 3, 0),
(1031, 2, 15, 2, 3, 0),
(1032, 2, 15, 3, 3, 0),
(1033, 2, 15, 4, 3, 0),
(1034, 2, 15, 6, 3, 0),
(1035, 2, 15, 7, 3, 0),
(1036, 2, 15, 8, 3, 0),
(1037, 2, 14, 1, 3, 0),
(1038, 2, 14, 2, 3, 0),
(1039, 2, 14, 3, 3, 0),
(1040, 2, 14, 4, 3, 0),
(1041, 2, 14, 6, 3, 0),
(1042, 2, 14, 7, 3, 0),
(1043, 2, 14, 8, 3, 0),
(1044, 2, 12, 1, 3, 0),
(1045, 2, 12, 2, 3, 0),
(1046, 2, 12, 3, 3, 0),
(1047, 2, 12, 4, 3, 0),
(1048, 2, 12, 6, 3, 0),
(1049, 2, 12, 7, 3, 0),
(1050, 2, 12, 8, 3, 0),
(1051, 2, 11, 1, 3, 0),
(1052, 2, 11, 2, 3, 0),
(1053, 2, 11, 3, 3, 0),
(1054, 2, 11, 4, 3, 0),
(1055, 2, 11, 6, 3, 0),
(1056, 2, 11, 7, 3, 0),
(1057, 2, 11, 8, 3, 0),
(1058, 2, 8, 1, 3, 0),
(1059, 2, 8, 2, 3, 0),
(1060, 2, 8, 3, 3, 0),
(1061, 2, 8, 4, 3, 0),
(1062, 2, 8, 6, 3, 0),
(1063, 2, 8, 7, 3, 0),
(1064, 2, 8, 8, 3, 0),
(1065, 2, 7, 1, 3, 0),
(1066, 2, 7, 2, 3, 0),
(1067, 2, 7, 3, 3, 0),
(1068, 2, 7, 4, 3, 0),
(1069, 2, 7, 6, 3, 0),
(1070, 2, 7, 7, 3, 0),
(1071, 2, 7, 8, 3, 0),
(1072, 2, 6, 1, 3, 0),
(1073, 2, 6, 2, 3, 0),
(1074, 2, 6, 3, 3, 0),
(1075, 2, 6, 4, 3, 0),
(1076, 2, 6, 6, 3, 0),
(1077, 2, 6, 7, 3, 0),
(1078, 2, 6, 8, 3, 0),
(1079, 2, 5, 1, 3, 0),
(1080, 2, 5, 2, 3, 0),
(1081, 2, 5, 3, 3, 0),
(1082, 2, 5, 4, 3, 0),
(1083, 2, 5, 6, 3, 0),
(1084, 2, 5, 7, 3, 0),
(1085, 2, 5, 8, 3, 0),
(1086, 2, 4, 1, 3, 0),
(1087, 2, 4, 2, 3, 0),
(1088, 2, 4, 3, 3, 0),
(1089, 2, 4, 4, 3, 0),
(1090, 2, 4, 6, 3, 0),
(1091, 2, 4, 7, 3, 0),
(1092, 2, 4, 8, 3, 0),
(1093, 2, 2, 1, 3, 0),
(1094, 2, 2, 2, 3, 0),
(1095, 2, 2, 3, 3, 0),
(1096, 2, 2, 4, 3, 0),
(1097, 2, 2, 6, 3, 0),
(1098, 2, 2, 7, 3, 0),
(1099, 2, 2, 8, 3, 0),
(1100, 3, 12, 1, 3, 0),
(1101, 3, 12, 2, 3, 0),
(1102, 3, 12, 3, 3, 0),
(1103, 3, 12, 4, 3, 0),
(1104, 3, 12, 6, 3, 0),
(1105, 3, 12, 7, 3, 0),
(1106, 3, 12, 8, 3, 0),
(1107, 28, 10, 1, 3, 1),
(1108, 28, 10, 2, 3, 0),
(1109, 28, 10, 3, 3, 0),
(1110, 28, 10, 4, 3, 0),
(1111, 28, 10, 6, 3, 0),
(1112, 28, 10, 7, 3, 0),
(1113, 28, 10, 8, 3, 0),
(1114, 28, 115, 1, 3, 1),
(1115, 28, 115, 2, 3, 0),
(1116, 28, 115, 3, 3, 0),
(1117, 28, 115, 4, 3, 0),
(1118, 28, 115, 6, 3, 0),
(1119, 28, 115, 7, 3, 0),
(1120, 28, 115, 8, 3, 0),
(1121, 29, 113, 1, 3, 1),
(1122, 29, 113, 2, 3, 0),
(1123, 29, 113, 3, 3, 0),
(1124, 29, 113, 4, 3, 0),
(1125, 29, 113, 6, 3, 0),
(1126, 29, 113, 7, 3, 0),
(1127, 29, 113, 8, 3, 0),
(1128, 29, 112, 1, 3, 1),
(1129, 29, 112, 2, 3, 0),
(1130, 29, 112, 3, 3, 0),
(1131, 29, 112, 4, 3, 0),
(1132, 29, 112, 6, 3, 0),
(1133, 29, 112, 7, 3, 0),
(1134, 29, 112, 8, 3, 0),
(1135, 29, 111, 1, 3, 1),
(1136, 29, 111, 2, 3, 0),
(1137, 29, 111, 3, 3, 0),
(1138, 29, 111, 4, 3, 0),
(1139, 29, 111, 6, 3, 0),
(1140, 29, 111, 7, 3, 0),
(1141, 29, 111, 8, 3, 0),
(1142, 29, 110, 1, 3, 1),
(1143, 29, 110, 2, 3, 0),
(1144, 29, 110, 3, 3, 0),
(1145, 29, 110, 4, 3, 0),
(1146, 29, 110, 6, 3, 0),
(1147, 29, 110, 7, 3, 0),
(1148, 29, 110, 8, 3, 0),
(1149, 29, 114, 1, 3, 0),
(1150, 29, 114, 2, 3, 0),
(1151, 29, 114, 3, 3, 0),
(1152, 29, 114, 4, 3, 0),
(1153, 29, 114, 6, 3, 0),
(1154, 29, 114, 7, 3, 0),
(1155, 29, 114, 8, 3, 0),
(1156, 82, 293, 1, 3, 0),
(1157, 82, 293, 2, 3, 0),
(1158, 82, 293, 3, 3, 0),
(1159, 82, 293, 4, 3, 0),
(1160, 82, 293, 6, 3, 0),
(1161, 82, 293, 7, 3, 0),
(1162, 82, 293, 8, 3, 0),
(1163, 82, 365, 1, 3, 0),
(1164, 82, 365, 2, 3, 0),
(1165, 82, 365, 3, 3, 0),
(1166, 82, 365, 4, 3, 0),
(1167, 82, 365, 6, 3, 0),
(1168, 82, 365, 7, 3, 0),
(1169, 82, 365, 8, 3, 0),
(1170, 119, 356, 1, 3, 1),
(1171, 119, 356, 2, 3, 1),
(1172, 119, 356, 3, 3, 1),
(1173, 119, 356, 4, 3, 1),
(1174, 119, 356, 6, 3, 1),
(1175, 119, 356, 7, 3, 1),
(1176, 119, 356, 8, 3, 1),
(1177, 112, 341, 1, 3, 1),
(1178, 112, 341, 2, 3, 1),
(1179, 112, 341, 3, 3, 1),
(1180, 112, 341, 4, 3, 1),
(1181, 112, 341, 6, 3, 1),
(1182, 112, 341, 7, 3, 1),
(1183, 112, 341, 8, 3, 0),
(1184, 111, 339, 1, 3, 1),
(1185, 111, 339, 2, 3, 1),
(1186, 111, 339, 3, 3, 1),
(1187, 111, 339, 4, 3, 1),
(1188, 111, 339, 6, 3, 1),
(1189, 111, 339, 7, 3, 1),
(1190, 111, 339, 8, 3, 1),
(1191, 110, 337, 1, 3, 0),
(1192, 110, 337, 2, 3, 0),
(1193, 110, 337, 3, 3, 0),
(1194, 110, 337, 4, 3, 0),
(1195, 110, 337, 6, 3, 0),
(1196, 110, 337, 7, 3, 0),
(1197, 110, 337, 8, 3, 0),
(1198, 109, 335, 1, 3, 0),
(1199, 109, 335, 2, 3, 0),
(1200, 109, 335, 3, 3, 0),
(1201, 109, 335, 4, 3, 0),
(1202, 109, 335, 6, 3, 0),
(1203, 109, 335, 7, 3, 0),
(1204, 109, 335, 8, 3, 0),
(1205, 108, 333, 1, 3, 0),
(1206, 108, 333, 2, 3, 0),
(1207, 108, 333, 3, 3, 0),
(1208, 108, 333, 4, 3, 0),
(1209, 108, 333, 6, 3, 0),
(1210, 108, 333, 7, 3, 0),
(1211, 108, 333, 8, 3, 0),
(1212, 107, 332, 1, 3, 0),
(1213, 107, 332, 2, 3, 0),
(1214, 107, 332, 3, 3, 0),
(1215, 107, 332, 4, 3, 0),
(1216, 107, 332, 6, 3, 0),
(1217, 107, 332, 7, 3, 0),
(1218, 107, 332, 8, 3, 0),
(1219, 113, 344, 1, 3, 1),
(1220, 113, 344, 2, 3, 1),
(1221, 113, 344, 3, 3, 1),
(1222, 113, 344, 4, 3, 1),
(1223, 113, 344, 6, 3, 1),
(1224, 113, 344, 7, 3, 1),
(1225, 113, 344, 8, 3, 1),
(1226, 114, 346, 1, 3, 1),
(1227, 114, 346, 2, 3, 1),
(1228, 114, 346, 3, 3, 1),
(1229, 114, 346, 4, 3, 0),
(1230, 114, 346, 6, 3, 1),
(1231, 114, 346, 7, 3, 1),
(1232, 114, 346, 8, 3, 1),
(1233, 115, 348, 1, 3, 0),
(1234, 115, 348, 2, 3, 0),
(1235, 115, 348, 3, 3, 0),
(1236, 115, 348, 4, 3, 0),
(1237, 115, 348, 6, 3, 0),
(1238, 115, 348, 7, 3, 0),
(1239, 115, 348, 8, 3, 0),
(1240, 116, 350, 1, 3, 1),
(1241, 116, 350, 2, 3, 1),
(1242, 116, 350, 3, 3, 1),
(1243, 116, 350, 4, 3, 0),
(1244, 116, 350, 6, 3, 1),
(1245, 116, 350, 7, 3, 1),
(1246, 116, 350, 8, 3, 1),
(1247, 117, 352, 1, 3, 0),
(1248, 117, 352, 2, 3, 0),
(1249, 117, 352, 3, 3, 0),
(1250, 117, 352, 4, 3, 0),
(1251, 117, 352, 6, 3, 0),
(1252, 117, 352, 7, 3, 0),
(1253, 117, 352, 8, 3, 0),
(1254, 117, 364, 1, 3, 1),
(1255, 117, 364, 2, 3, 0),
(1256, 117, 364, 3, 3, 0),
(1257, 117, 364, 4, 3, 0),
(1258, 117, 364, 6, 3, 0),
(1259, 117, 364, 7, 3, 0),
(1260, 117, 364, 8, 3, 0),
(1261, 118, 353, 1, 3, 0),
(1262, 118, 353, 2, 3, 0),
(1263, 118, 353, 3, 3, 0),
(1264, 118, 353, 4, 3, 0),
(1265, 118, 353, 6, 3, 0),
(1266, 118, 353, 7, 3, 0),
(1267, 118, 353, 8, 3, 0),
(1268, 120, 358, 1, 3, 1),
(1269, 120, 358, 2, 3, 0),
(1270, 120, 358, 3, 3, 0),
(1271, 120, 358, 4, 3, 0),
(1272, 120, 358, 6, 3, 0),
(1273, 120, 358, 7, 3, 0),
(1274, 120, 358, 8, 3, 0),
(1275, 121, 359, 1, 3, 1),
(1276, 121, 359, 2, 3, 1),
(1277, 121, 359, 3, 3, 1),
(1278, 121, 359, 4, 3, 0),
(1279, 121, 359, 6, 3, 1),
(1280, 121, 359, 7, 3, 1),
(1281, 121, 359, 8, 3, 1),
(1282, 122, 362, 1, 3, 1),
(1283, 122, 362, 2, 3, 0),
(1284, 122, 362, 3, 3, 0),
(1285, 122, 362, 4, 3, 0),
(1286, 122, 362, 6, 3, 0),
(1287, 122, 362, 7, 3, 0),
(1288, 122, 362, 8, 3, 0),
(1289, 82, 365, 1, 1, 0),
(1290, 82, 365, 2, 1, 0),
(1291, 82, 365, 3, 1, 0),
(1292, 82, 365, 4, 1, 0),
(1293, 82, 365, 6, 1, 0),
(1294, 82, 365, 7, 1, 0),
(1295, 82, 365, 8, 1, 0),
(1296, 123, 10, 1, 1, 1),
(1297, 123, 10, 2, 1, 1),
(1298, 123, 10, 3, 1, 1),
(1299, 123, 10, 4, 1, 1),
(1300, 123, 10, 6, 1, 1),
(1301, 123, 10, 7, 1, 1),
(1302, 123, 10, 8, 1, 0),
(1303, 123, 115, 1, 1, 1),
(1304, 123, 115, 2, 1, 1),
(1305, 123, 115, 3, 1, 1),
(1306, 123, 115, 4, 1, 1),
(1307, 123, 115, 6, 1, 1),
(1308, 123, 115, 7, 1, 1),
(1309, 123, 115, 8, 1, 0),
(1310, 123, 341, 1, 1, 1),
(1311, 123, 341, 2, 1, 1),
(1312, 123, 341, 3, 1, 1),
(1313, 123, 341, 4, 1, 1),
(1314, 123, 341, 6, 1, 1),
(1315, 123, 341, 7, 1, 1),
(1316, 123, 341, 8, 1, 0),
(1317, 123, 356, 1, 1, 1),
(1318, 123, 356, 2, 1, 1),
(1319, 123, 356, 3, 1, 1),
(1320, 123, 356, 4, 1, 1),
(1321, 123, 356, 6, 1, 1),
(1322, 123, 356, 7, 1, 1),
(1323, 123, 356, 8, 1, 0),
(1324, 123, 358, 1, 1, 1),
(1325, 123, 358, 2, 1, 1),
(1326, 123, 358, 3, 1, 1),
(1327, 123, 358, 4, 1, 1),
(1328, 123, 358, 6, 1, 1),
(1329, 123, 358, 7, 1, 1),
(1330, 123, 358, 8, 1, 0),
(1331, 117, 366, 1, 1, 0),
(1332, 117, 366, 2, 1, 0),
(1333, 117, 366, 3, 1, 0),
(1334, 117, 366, 4, 1, 0),
(1335, 117, 366, 6, 1, 0),
(1336, 117, 366, 7, 1, 0),
(1337, 117, 366, 8, 1, 0),
(1338, 124, 367, 1, 1, 0),
(1339, 124, 367, 2, 1, 0),
(1340, 124, 367, 3, 1, 0),
(1341, 124, 367, 4, 1, 0),
(1342, 124, 367, 6, 1, 0),
(1343, 124, 367, 7, 1, 0),
(1344, 124, 367, 8, 1, 0),
(1345, 125, 369, 1, 1, 0),
(1346, 125, 369, 2, 1, 0),
(1347, 125, 369, 3, 1, 0),
(1348, 125, 369, 4, 1, 0),
(1349, 125, 369, 6, 1, 0),
(1350, 125, 369, 7, 1, 0),
(1351, 125, 369, 8, 1, 0),
(1352, 123, 375, 1, 1, 1),
(1353, 123, 375, 2, 1, 1),
(1354, 123, 375, 3, 1, 1),
(1355, 123, 375, 4, 1, 1),
(1356, 123, 375, 6, 1, 1),
(1357, 123, 375, 7, 1, 0),
(1358, 123, 375, 8, 1, 0),
(1359, 123, 374, 1, 1, 1),
(1360, 123, 374, 2, 1, 1),
(1361, 123, 374, 3, 1, 1),
(1362, 123, 374, 4, 1, 1),
(1363, 123, 374, 6, 1, 0),
(1364, 123, 374, 7, 1, 0),
(1365, 123, 374, 8, 1, 0),
(1366, 123, 373, 1, 1, 1),
(1367, 123, 373, 2, 1, 1),
(1368, 123, 373, 3, 1, 1),
(1369, 123, 373, 4, 1, 1),
(1370, 123, 373, 6, 1, 0),
(1371, 123, 373, 7, 1, 0),
(1372, 123, 373, 8, 1, 0),
(1373, 124, 371, 1, 1, 0),
(1374, 124, 371, 2, 1, 0),
(1375, 124, 371, 3, 1, 0),
(1376, 124, 371, 4, 1, 0),
(1377, 124, 371, 6, 1, 0),
(1378, 124, 371, 7, 1, 0),
(1379, 124, 371, 8, 1, 0),
(1380, 124, 370, 1, 1, 0),
(1381, 124, 370, 2, 1, 0),
(1382, 124, 370, 3, 1, 0),
(1383, 124, 370, 4, 1, 0),
(1384, 124, 370, 6, 1, 0),
(1385, 124, 370, 7, 1, 0),
(1386, 124, 370, 8, 1, 0),
(1387, 124, 372, 1, 1, 0),
(1388, 124, 372, 2, 1, 0),
(1389, 124, 372, 3, 1, 0),
(1390, 124, 372, 4, 1, 0),
(1391, 124, 372, 6, 1, 0),
(1392, 124, 372, 7, 1, 0),
(1393, 124, 372, 8, 1, 0),
(1394, 126, 379, 1, 1, 1),
(1395, 126, 379, 2, 1, 1),
(1396, 126, 379, 3, 1, 1),
(1397, 126, 379, 4, 1, 1),
(1398, 126, 379, 6, 1, 1),
(1399, 126, 379, 7, 1, 0),
(1400, 126, 379, 8, 1, 0),
(1401, 126, 381, 1, 1, 1),
(1402, 126, 381, 2, 1, 1),
(1403, 126, 381, 3, 1, 1),
(1404, 126, 381, 4, 1, 1),
(1405, 126, 381, 6, 1, 1),
(1406, 126, 381, 7, 1, 0),
(1407, 126, 381, 8, 1, 0),
(1408, 127, 384, 1, 1, 1),
(1409, 127, 384, 2, 1, 1),
(1410, 127, 384, 3, 1, 1),
(1411, 127, 384, 4, 1, 1),
(1412, 127, 384, 6, 1, 1),
(1413, 127, 384, 7, 1, 0),
(1414, 127, 384, 8, 1, 0),
(1415, 123, 387, 1, 1, 1),
(1416, 123, 387, 2, 1, 1),
(1417, 123, 387, 3, 1, 1),
(1418, 123, 387, 4, 1, 1),
(1419, 123, 387, 6, 1, 1),
(1420, 123, 387, 7, 1, 0),
(1421, 123, 387, 8, 1, 0),
(1422, 128, 389, 1, 1, 1),
(1423, 128, 389, 2, 1, 1),
(1424, 128, 389, 3, 1, 1),
(1425, 128, 389, 4, 1, 1),
(1426, 128, 389, 6, 1, 1),
(1427, 128, 389, 7, 1, 0),
(1428, 128, 389, 8, 1, 0),
(1429, 129, 391, 1, 1, 1),
(1430, 129, 391, 2, 1, 1),
(1431, 129, 391, 3, 1, 1),
(1432, 129, 391, 4, 1, 1),
(1433, 129, 391, 6, 1, 1),
(1434, 129, 391, 7, 1, 0),
(1435, 129, 391, 8, 1, 0),
(1436, 82, 365, 1, 2, 0),
(1437, 82, 365, 2, 2, 0),
(1438, 82, 365, 3, 2, 0),
(1439, 82, 365, 4, 2, 0),
(1440, 82, 365, 6, 2, 0),
(1441, 82, 365, 7, 2, 0),
(1442, 82, 365, 8, 2, 0),
(1443, 119, 356, 1, 2, 0),
(1444, 119, 356, 2, 2, 0),
(1445, 119, 356, 3, 2, 0),
(1446, 119, 356, 4, 2, 0),
(1447, 119, 356, 6, 2, 0),
(1448, 119, 356, 7, 2, 0),
(1449, 119, 356, 8, 2, 0),
(1450, 112, 341, 1, 2, 0),
(1451, 112, 341, 2, 2, 0),
(1452, 112, 341, 3, 2, 0),
(1453, 112, 341, 4, 2, 0),
(1454, 112, 341, 6, 2, 0),
(1455, 112, 341, 7, 2, 0),
(1456, 112, 341, 8, 2, 0),
(1457, 111, 339, 1, 2, 0),
(1458, 111, 339, 2, 2, 0),
(1459, 111, 339, 3, 2, 0),
(1460, 111, 339, 4, 2, 0),
(1461, 111, 339, 6, 2, 0),
(1462, 111, 339, 7, 2, 0),
(1463, 111, 339, 8, 2, 0),
(1464, 110, 337, 1, 2, 0),
(1465, 110, 337, 2, 2, 0),
(1466, 110, 337, 3, 2, 0),
(1467, 110, 337, 4, 2, 0),
(1468, 110, 337, 6, 2, 0),
(1469, 110, 337, 7, 2, 0),
(1470, 110, 337, 8, 2, 0),
(1471, 113, 344, 1, 2, 0),
(1472, 113, 344, 2, 2, 0),
(1473, 113, 344, 3, 2, 0),
(1474, 113, 344, 4, 2, 0),
(1475, 113, 344, 6, 2, 0),
(1476, 113, 344, 7, 2, 0),
(1477, 113, 344, 8, 2, 0),
(1478, 114, 346, 1, 2, 0),
(1479, 114, 346, 2, 2, 0),
(1480, 114, 346, 3, 2, 0),
(1481, 114, 346, 4, 2, 0),
(1482, 114, 346, 6, 2, 0),
(1483, 114, 346, 7, 2, 0),
(1484, 114, 346, 8, 2, 0),
(1485, 115, 348, 1, 2, 0),
(1486, 115, 348, 2, 2, 0),
(1487, 115, 348, 3, 2, 0),
(1488, 115, 348, 4, 2, 0),
(1489, 115, 348, 6, 2, 0),
(1490, 115, 348, 7, 2, 0),
(1491, 115, 348, 8, 2, 0),
(1492, 116, 350, 1, 2, 0),
(1493, 116, 350, 2, 2, 0),
(1494, 116, 350, 3, 2, 0),
(1495, 116, 350, 4, 2, 0),
(1496, 116, 350, 6, 2, 0),
(1497, 116, 350, 7, 2, 0),
(1498, 116, 350, 8, 2, 0),
(1499, 117, 364, 1, 2, 0),
(1500, 117, 364, 2, 2, 0),
(1501, 117, 364, 3, 2, 0),
(1502, 117, 364, 4, 2, 0),
(1503, 117, 364, 6, 2, 0),
(1504, 117, 364, 7, 2, 0),
(1505, 117, 364, 8, 2, 0),
(1506, 117, 352, 1, 2, 0),
(1507, 117, 352, 2, 2, 0),
(1508, 117, 352, 3, 2, 0),
(1509, 117, 352, 4, 2, 0),
(1510, 117, 352, 6, 2, 0),
(1511, 117, 352, 7, 2, 0),
(1512, 117, 352, 8, 2, 0),
(1513, 117, 366, 1, 2, 0),
(1514, 117, 366, 2, 2, 0),
(1515, 117, 366, 3, 2, 0),
(1516, 117, 366, 4, 2, 0),
(1517, 117, 366, 6, 2, 0),
(1518, 117, 366, 7, 2, 0),
(1519, 117, 366, 8, 2, 0),
(1520, 118, 353, 1, 2, 0),
(1521, 118, 353, 2, 2, 0),
(1522, 118, 353, 3, 2, 0),
(1523, 118, 353, 4, 2, 0),
(1524, 118, 353, 6, 2, 0),
(1525, 118, 353, 7, 2, 0),
(1526, 118, 353, 8, 2, 0),
(1527, 120, 358, 1, 2, 0),
(1528, 120, 358, 2, 2, 0),
(1529, 120, 358, 3, 2, 0),
(1530, 120, 358, 4, 2, 0),
(1531, 120, 358, 6, 2, 0),
(1532, 120, 358, 7, 2, 0),
(1533, 120, 358, 8, 2, 0),
(1534, 121, 359, 1, 2, 0),
(1535, 121, 359, 2, 2, 0),
(1536, 121, 359, 3, 2, 0),
(1537, 121, 359, 4, 2, 0),
(1538, 121, 359, 6, 2, 0),
(1539, 121, 359, 7, 2, 0),
(1540, 121, 359, 8, 2, 0),
(1541, 122, 362, 1, 2, 0),
(1542, 122, 362, 2, 2, 0),
(1543, 122, 362, 3, 2, 0),
(1544, 122, 362, 4, 2, 0),
(1545, 122, 362, 6, 2, 0),
(1546, 122, 362, 7, 2, 0),
(1547, 122, 362, 8, 2, 0),
(1548, 123, 375, 1, 2, 0),
(1549, 123, 375, 2, 2, 0),
(1550, 123, 375, 3, 2, 0),
(1551, 123, 375, 4, 2, 0),
(1552, 123, 375, 6, 2, 0),
(1553, 123, 375, 7, 2, 0),
(1554, 123, 375, 8, 2, 0),
(1555, 123, 374, 1, 2, 0),
(1556, 123, 374, 2, 2, 0),
(1557, 123, 374, 3, 2, 0),
(1558, 123, 374, 4, 2, 0),
(1559, 123, 374, 6, 2, 0),
(1560, 123, 374, 7, 2, 0),
(1561, 123, 374, 8, 2, 0),
(1562, 123, 373, 1, 2, 0),
(1563, 123, 373, 2, 2, 0),
(1564, 123, 373, 3, 2, 0),
(1565, 123, 373, 4, 2, 0),
(1566, 123, 373, 6, 2, 0),
(1567, 123, 373, 7, 2, 0),
(1568, 123, 373, 8, 2, 0),
(1569, 123, 115, 1, 2, 0),
(1570, 123, 115, 2, 2, 0),
(1571, 123, 115, 3, 2, 0),
(1572, 123, 115, 4, 2, 0),
(1573, 123, 115, 6, 2, 0),
(1574, 123, 115, 7, 2, 0),
(1575, 123, 115, 8, 2, 0),
(1576, 123, 10, 1, 2, 0),
(1577, 123, 10, 2, 2, 0),
(1578, 123, 10, 3, 2, 0),
(1579, 123, 10, 4, 2, 0),
(1580, 123, 10, 6, 2, 0),
(1581, 123, 10, 7, 2, 0),
(1582, 123, 10, 8, 2, 0),
(1583, 123, 387, 1, 2, 0),
(1584, 123, 387, 2, 2, 0),
(1585, 123, 387, 3, 2, 0),
(1586, 123, 387, 4, 2, 0),
(1587, 123, 387, 6, 2, 0),
(1588, 123, 387, 7, 2, 0),
(1589, 123, 387, 8, 2, 0),
(1590, 124, 371, 1, 2, 0),
(1591, 124, 371, 2, 2, 0),
(1592, 124, 371, 3, 2, 0),
(1593, 124, 371, 4, 2, 0),
(1594, 124, 371, 6, 2, 0),
(1595, 124, 371, 7, 2, 0),
(1596, 124, 371, 8, 2, 0),
(1597, 124, 370, 1, 2, 0),
(1598, 124, 370, 2, 2, 0),
(1599, 124, 370, 3, 2, 0),
(1600, 124, 370, 4, 2, 0),
(1601, 124, 370, 6, 2, 0),
(1602, 124, 370, 7, 2, 0),
(1603, 124, 370, 8, 2, 0),
(1604, 124, 367, 1, 2, 0),
(1605, 124, 367, 2, 2, 0),
(1606, 124, 367, 3, 2, 0),
(1607, 124, 367, 4, 2, 0),
(1608, 124, 367, 6, 2, 0),
(1609, 124, 367, 7, 2, 0),
(1610, 124, 367, 8, 2, 0),
(1611, 124, 372, 1, 2, 0),
(1612, 124, 372, 2, 2, 0),
(1613, 124, 372, 3, 2, 0),
(1614, 124, 372, 4, 2, 0),
(1615, 124, 372, 6, 2, 0),
(1616, 124, 372, 7, 2, 0),
(1617, 124, 372, 8, 2, 0),
(1618, 125, 369, 1, 2, 0),
(1619, 125, 369, 2, 2, 0),
(1620, 125, 369, 3, 2, 0),
(1621, 125, 369, 4, 2, 0),
(1622, 125, 369, 6, 2, 0),
(1623, 125, 369, 7, 2, 0),
(1624, 125, 369, 8, 2, 0),
(1625, 126, 381, 1, 2, 0),
(1626, 126, 381, 2, 2, 0),
(1627, 126, 381, 3, 2, 0),
(1628, 126, 381, 4, 2, 0),
(1629, 126, 381, 6, 2, 0),
(1630, 126, 381, 7, 2, 0),
(1631, 126, 381, 8, 2, 0),
(1632, 126, 379, 1, 2, 0),
(1633, 126, 379, 2, 2, 0),
(1634, 126, 379, 3, 2, 0),
(1635, 126, 379, 4, 2, 0),
(1636, 126, 379, 6, 2, 0),
(1637, 126, 379, 7, 2, 0),
(1638, 126, 379, 8, 2, 0),
(1639, 127, 384, 1, 2, 0),
(1640, 127, 384, 2, 2, 0),
(1641, 127, 384, 3, 2, 0),
(1642, 127, 384, 4, 2, 0),
(1643, 127, 384, 6, 2, 0),
(1644, 127, 384, 7, 2, 0),
(1645, 127, 384, 8, 2, 0),
(1646, 128, 389, 1, 2, 0),
(1647, 128, 389, 2, 2, 0),
(1648, 128, 389, 3, 2, 0),
(1649, 128, 389, 4, 2, 0),
(1650, 128, 389, 6, 2, 0),
(1651, 128, 389, 7, 2, 0),
(1652, 128, 389, 8, 2, 0),
(1653, 129, 391, 1, 2, 1),
(1654, 129, 391, 2, 2, 1),
(1655, 129, 391, 3, 2, 1),
(1656, 129, 391, 4, 2, 1),
(1657, 129, 391, 6, 2, 1),
(1658, 129, 391, 7, 2, 1),
(1659, 129, 391, 8, 2, 1),
(2052, 130, 394, 1, 1, 0),
(2053, 130, 394, 2, 1, 0),
(2054, 130, 394, 3, 1, 0),
(2055, 130, 394, 4, 1, 0),
(2056, 130, 394, 6, 1, 0),
(2057, 130, 394, 7, 1, 0),
(2058, 130, 394, 8, 1, 0),
(2059, 1, 1, 1, 4, 0),
(2060, 1, 1, 2, 4, 0),
(2061, 1, 1, 3, 4, 0),
(2062, 1, 1, 4, 4, 0),
(2063, 1, 1, 6, 4, 0),
(2064, 1, 1, 7, 4, 0),
(2065, 1, 1, 8, 4, 0),
(2066, 2, 15, 1, 4, 0),
(2067, 2, 15, 2, 4, 0),
(2068, 2, 15, 3, 4, 0),
(2069, 2, 15, 4, 4, 0),
(2070, 2, 15, 6, 4, 0),
(2071, 2, 15, 7, 4, 0),
(2072, 2, 15, 8, 4, 0),
(2073, 2, 14, 1, 4, 0),
(2074, 2, 14, 2, 4, 0),
(2075, 2, 14, 3, 4, 0),
(2076, 2, 14, 4, 4, 0),
(2077, 2, 14, 6, 4, 0),
(2078, 2, 14, 7, 4, 0),
(2079, 2, 14, 8, 4, 0),
(2080, 2, 12, 1, 4, 0),
(2081, 2, 12, 2, 4, 0),
(2082, 2, 12, 3, 4, 0),
(2083, 2, 12, 4, 4, 0),
(2084, 2, 12, 6, 4, 0),
(2085, 2, 12, 7, 4, 0),
(2086, 2, 12, 8, 4, 0),
(2087, 2, 11, 1, 4, 0),
(2088, 2, 11, 2, 4, 0),
(2089, 2, 11, 3, 4, 0),
(2090, 2, 11, 4, 4, 0),
(2091, 2, 11, 6, 4, 0),
(2092, 2, 11, 7, 4, 0),
(2093, 2, 11, 8, 4, 0),
(2094, 2, 8, 1, 4, 0),
(2095, 2, 8, 2, 4, 0),
(2096, 2, 8, 3, 4, 0),
(2097, 2, 8, 4, 4, 0),
(2098, 2, 8, 6, 4, 0),
(2099, 2, 8, 7, 4, 0),
(2100, 2, 8, 8, 4, 0),
(2101, 2, 7, 1, 4, 0),
(2102, 2, 7, 2, 4, 0),
(2103, 2, 7, 3, 4, 0),
(2104, 2, 7, 4, 4, 0),
(2105, 2, 7, 6, 4, 0),
(2106, 2, 7, 7, 4, 0),
(2107, 2, 7, 8, 4, 0),
(2108, 2, 6, 1, 4, 0),
(2109, 2, 6, 2, 4, 0),
(2110, 2, 6, 3, 4, 0),
(2111, 2, 6, 4, 4, 0),
(2112, 2, 6, 6, 4, 0),
(2113, 2, 6, 7, 4, 0),
(2114, 2, 6, 8, 4, 0),
(2115, 2, 5, 1, 4, 0),
(2116, 2, 5, 2, 4, 0),
(2117, 2, 5, 3, 4, 0),
(2118, 2, 5, 4, 4, 0),
(2119, 2, 5, 6, 4, 0),
(2120, 2, 5, 7, 4, 0),
(2121, 2, 5, 8, 4, 0),
(2122, 2, 4, 1, 4, 0),
(2123, 2, 4, 2, 4, 0),
(2124, 2, 4, 3, 4, 0),
(2125, 2, 4, 4, 4, 0),
(2126, 2, 4, 6, 4, 0),
(2127, 2, 4, 7, 4, 0),
(2128, 2, 4, 8, 4, 0),
(2129, 2, 2, 1, 4, 0),
(2130, 2, 2, 2, 4, 0),
(2131, 2, 2, 3, 4, 0),
(2132, 2, 2, 4, 4, 0),
(2133, 2, 2, 6, 4, 0),
(2134, 2, 2, 7, 4, 0),
(2135, 2, 2, 8, 4, 0),
(2136, 3, 12, 1, 4, 0),
(2137, 3, 12, 2, 4, 0),
(2138, 3, 12, 3, 4, 0),
(2139, 3, 12, 4, 4, 0),
(2140, 3, 12, 6, 4, 0),
(2141, 3, 12, 7, 4, 0),
(2142, 3, 12, 8, 4, 0),
(2143, 28, 10, 1, 4, 1),
(2144, 28, 10, 2, 4, 1),
(2145, 28, 10, 3, 4, 1),
(2146, 28, 10, 4, 4, 1),
(2147, 28, 10, 6, 4, 1),
(2148, 28, 10, 7, 4, 0),
(2149, 28, 10, 8, 4, 0),
(2150, 28, 115, 1, 4, 1),
(2151, 28, 115, 2, 4, 1),
(2152, 28, 115, 3, 4, 1),
(2153, 28, 115, 4, 4, 1),
(2154, 28, 115, 6, 4, 1),
(2155, 28, 115, 7, 4, 0),
(2156, 28, 115, 8, 4, 0),
(2157, 29, 113, 1, 4, 0),
(2158, 29, 113, 2, 4, 0),
(2159, 29, 113, 3, 4, 0),
(2160, 29, 113, 4, 4, 0),
(2161, 29, 113, 6, 4, 0),
(2162, 29, 113, 7, 4, 0),
(2163, 29, 113, 8, 4, 0),
(2164, 29, 112, 1, 4, 0),
(2165, 29, 112, 2, 4, 0),
(2166, 29, 112, 3, 4, 0),
(2167, 29, 112, 4, 4, 0),
(2168, 29, 112, 6, 4, 0),
(2169, 29, 112, 7, 4, 0),
(2170, 29, 112, 8, 4, 0),
(2171, 29, 111, 1, 4, 0),
(2172, 29, 111, 2, 4, 0),
(2173, 29, 111, 3, 4, 0),
(2174, 29, 111, 4, 4, 0),
(2175, 29, 111, 6, 4, 0),
(2176, 29, 111, 7, 4, 0),
(2177, 29, 111, 8, 4, 0),
(2178, 29, 110, 1, 4, 0),
(2179, 29, 110, 2, 4, 0),
(2180, 29, 110, 3, 4, 0),
(2181, 29, 110, 4, 4, 0),
(2182, 29, 110, 6, 4, 0),
(2183, 29, 110, 7, 4, 0),
(2184, 29, 110, 8, 4, 0),
(2185, 29, 114, 1, 4, 0),
(2186, 29, 114, 2, 4, 0),
(2187, 29, 114, 3, 4, 0),
(2188, 29, 114, 4, 4, 0),
(2189, 29, 114, 6, 4, 0),
(2190, 29, 114, 7, 4, 0),
(2191, 29, 114, 8, 4, 0),
(2192, 82, 293, 1, 4, 0),
(2193, 82, 293, 2, 4, 0),
(2194, 82, 293, 3, 4, 0),
(2195, 82, 293, 4, 4, 0),
(2196, 82, 293, 6, 4, 0),
(2197, 82, 293, 7, 4, 0),
(2198, 82, 293, 8, 4, 0),
(2199, 82, 365, 1, 4, 0),
(2200, 82, 365, 2, 4, 0),
(2201, 82, 365, 3, 4, 0),
(2202, 82, 365, 4, 4, 0),
(2203, 82, 365, 6, 4, 0),
(2204, 82, 365, 7, 4, 0),
(2205, 82, 365, 8, 4, 0),
(2206, 119, 356, 1, 4, 0),
(2207, 119, 356, 2, 4, 0),
(2208, 119, 356, 3, 4, 0),
(2209, 119, 356, 4, 4, 0),
(2210, 119, 356, 6, 4, 0),
(2211, 119, 356, 7, 4, 0),
(2212, 119, 356, 8, 4, 0),
(2213, 112, 341, 1, 4, 0),
(2214, 112, 341, 2, 4, 0),
(2215, 112, 341, 3, 4, 0),
(2216, 112, 341, 4, 4, 0),
(2217, 112, 341, 6, 4, 0),
(2218, 112, 341, 7, 4, 0),
(2219, 112, 341, 8, 4, 0),
(2220, 111, 339, 1, 4, 0),
(2221, 111, 339, 2, 4, 0),
(2222, 111, 339, 3, 4, 0),
(2223, 111, 339, 4, 4, 0),
(2224, 111, 339, 6, 4, 0),
(2225, 111, 339, 7, 4, 0),
(2226, 111, 339, 8, 4, 0),
(2227, 110, 337, 1, 4, 0),
(2228, 110, 337, 2, 4, 0),
(2229, 110, 337, 3, 4, 0),
(2230, 110, 337, 4, 4, 0),
(2231, 110, 337, 6, 4, 0),
(2232, 110, 337, 7, 4, 0),
(2233, 110, 337, 8, 4, 0),
(2234, 109, 335, 1, 4, 0),
(2235, 109, 335, 2, 4, 0),
(2236, 109, 335, 3, 4, 0),
(2237, 109, 335, 4, 4, 0),
(2238, 109, 335, 6, 4, 0),
(2239, 109, 335, 7, 4, 0),
(2240, 109, 335, 8, 4, 0),
(2241, 108, 333, 1, 4, 0),
(2242, 108, 333, 2, 4, 0),
(2243, 108, 333, 3, 4, 0),
(2244, 108, 333, 4, 4, 0),
(2245, 108, 333, 6, 4, 0),
(2246, 108, 333, 7, 4, 0),
(2247, 108, 333, 8, 4, 0),
(2248, 107, 332, 1, 4, 0),
(2249, 107, 332, 2, 4, 0),
(2250, 107, 332, 3, 4, 0),
(2251, 107, 332, 4, 4, 0),
(2252, 107, 332, 6, 4, 0),
(2253, 107, 332, 7, 4, 0),
(2254, 107, 332, 8, 4, 0),
(2255, 113, 344, 1, 4, 0),
(2256, 113, 344, 2, 4, 0),
(2257, 113, 344, 3, 4, 0),
(2258, 113, 344, 4, 4, 0),
(2259, 113, 344, 6, 4, 0),
(2260, 113, 344, 7, 4, 0),
(2261, 113, 344, 8, 4, 0),
(2262, 114, 346, 1, 4, 0),
(2263, 114, 346, 2, 4, 0),
(2264, 114, 346, 3, 4, 0),
(2265, 114, 346, 4, 4, 0),
(2266, 114, 346, 6, 4, 0),
(2267, 114, 346, 7, 4, 0),
(2268, 114, 346, 8, 4, 0),
(2269, 115, 348, 1, 4, 0),
(2270, 115, 348, 2, 4, 0),
(2271, 115, 348, 3, 4, 0),
(2272, 115, 348, 4, 4, 0),
(2273, 115, 348, 6, 4, 0),
(2274, 115, 348, 7, 4, 0),
(2275, 115, 348, 8, 4, 0),
(2276, 116, 350, 1, 4, 0),
(2277, 116, 350, 2, 4, 0),
(2278, 116, 350, 3, 4, 0),
(2279, 116, 350, 4, 4, 0),
(2280, 116, 350, 6, 4, 0),
(2281, 116, 350, 7, 4, 0),
(2282, 116, 350, 8, 4, 0),
(2283, 117, 364, 1, 4, 0),
(2284, 117, 364, 2, 4, 0),
(2285, 117, 364, 3, 4, 0),
(2286, 117, 364, 4, 4, 0),
(2287, 117, 364, 6, 4, 0),
(2288, 117, 364, 7, 4, 0),
(2289, 117, 364, 8, 4, 0),
(2290, 117, 352, 1, 4, 0),
(2291, 117, 352, 2, 4, 0),
(2292, 117, 352, 3, 4, 0),
(2293, 117, 352, 4, 4, 0),
(2294, 117, 352, 6, 4, 0),
(2295, 117, 352, 7, 4, 0),
(2296, 117, 352, 8, 4, 0),
(2297, 117, 366, 1, 4, 0),
(2298, 117, 366, 2, 4, 0),
(2299, 117, 366, 3, 4, 0),
(2300, 117, 366, 4, 4, 0),
(2301, 117, 366, 6, 4, 0),
(2302, 117, 366, 7, 4, 0),
(2303, 117, 366, 8, 4, 0),
(2304, 118, 353, 1, 4, 0),
(2305, 118, 353, 2, 4, 0),
(2306, 118, 353, 3, 4, 0),
(2307, 118, 353, 4, 4, 0),
(2308, 118, 353, 6, 4, 0),
(2309, 118, 353, 7, 4, 0),
(2310, 118, 353, 8, 4, 0),
(2311, 120, 358, 1, 4, 0),
(2312, 120, 358, 2, 4, 0),
(2313, 120, 358, 3, 4, 0),
(2314, 120, 358, 4, 4, 0),
(2315, 120, 358, 6, 4, 0),
(2316, 120, 358, 7, 4, 0),
(2317, 120, 358, 8, 4, 0),
(2318, 121, 359, 1, 4, 0),
(2319, 121, 359, 2, 4, 0),
(2320, 121, 359, 3, 4, 0),
(2321, 121, 359, 4, 4, 0),
(2322, 121, 359, 6, 4, 0),
(2323, 121, 359, 7, 4, 0),
(2324, 121, 359, 8, 4, 0),
(2325, 122, 362, 1, 4, 0),
(2326, 122, 362, 2, 4, 0),
(2327, 122, 362, 3, 4, 0),
(2328, 122, 362, 4, 4, 0),
(2329, 122, 362, 6, 4, 0),
(2330, 122, 362, 7, 4, 0),
(2331, 122, 362, 8, 4, 0),
(2332, 123, 375, 1, 4, 0),
(2333, 123, 375, 2, 4, 0),
(2334, 123, 375, 3, 4, 0),
(2335, 123, 375, 4, 4, 0),
(2336, 123, 375, 6, 4, 0),
(2337, 123, 375, 7, 4, 0),
(2338, 123, 375, 8, 4, 0),
(2339, 123, 374, 1, 4, 0),
(2340, 123, 374, 2, 4, 0),
(2341, 123, 374, 3, 4, 0),
(2342, 123, 374, 4, 4, 0),
(2343, 123, 374, 6, 4, 0),
(2344, 123, 374, 7, 4, 0),
(2345, 123, 374, 8, 4, 0),
(2346, 123, 373, 1, 4, 0),
(2347, 123, 373, 2, 4, 0),
(2348, 123, 373, 3, 4, 0),
(2349, 123, 373, 4, 4, 0),
(2350, 123, 373, 6, 4, 0),
(2351, 123, 373, 7, 4, 0),
(2352, 123, 373, 8, 4, 0),
(2353, 123, 115, 1, 4, 1),
(2354, 123, 115, 2, 4, 1),
(2355, 123, 115, 3, 4, 1),
(2356, 123, 115, 4, 4, 1),
(2357, 123, 115, 6, 4, 1),
(2358, 123, 115, 7, 4, 0),
(2359, 123, 115, 8, 4, 0),
(2360, 123, 10, 1, 4, 1),
(2361, 123, 10, 2, 4, 1),
(2362, 123, 10, 3, 4, 1),
(2363, 123, 10, 4, 4, 1),
(2364, 123, 10, 6, 4, 1),
(2365, 123, 10, 7, 4, 0),
(2366, 123, 10, 8, 4, 0),
(2367, 123, 387, 1, 4, 0),
(2368, 123, 387, 2, 4, 0),
(2369, 123, 387, 3, 4, 0),
(2370, 123, 387, 4, 4, 0),
(2371, 123, 387, 6, 4, 0),
(2372, 123, 387, 7, 4, 0),
(2373, 123, 387, 8, 4, 0),
(2374, 124, 371, 1, 4, 0),
(2375, 124, 371, 2, 4, 0),
(2376, 124, 371, 3, 4, 0),
(2377, 124, 371, 4, 4, 0),
(2378, 124, 371, 6, 4, 0),
(2379, 124, 371, 7, 4, 0),
(2380, 124, 371, 8, 4, 0),
(2381, 124, 370, 1, 4, 0),
(2382, 124, 370, 2, 4, 0),
(2383, 124, 370, 3, 4, 0),
(2384, 124, 370, 4, 4, 0),
(2385, 124, 370, 6, 4, 0),
(2386, 124, 370, 7, 4, 0),
(2387, 124, 370, 8, 4, 0),
(2388, 124, 367, 1, 4, 0),
(2389, 124, 367, 2, 4, 0),
(2390, 124, 367, 3, 4, 0),
(2391, 124, 367, 4, 4, 0),
(2392, 124, 367, 6, 4, 0),
(2393, 124, 367, 7, 4, 0),
(2394, 124, 367, 8, 4, 0),
(2395, 124, 372, 1, 4, 0),
(2396, 124, 372, 2, 4, 0),
(2397, 124, 372, 3, 4, 0),
(2398, 124, 372, 4, 4, 0),
(2399, 124, 372, 6, 4, 0),
(2400, 124, 372, 7, 4, 0),
(2401, 124, 372, 8, 4, 0),
(2402, 125, 369, 1, 4, 0),
(2403, 125, 369, 2, 4, 0),
(2404, 125, 369, 3, 4, 0),
(2405, 125, 369, 4, 4, 0),
(2406, 125, 369, 6, 4, 0),
(2407, 125, 369, 7, 4, 0),
(2408, 125, 369, 8, 4, 0),
(2409, 126, 381, 1, 4, 0),
(2410, 126, 381, 2, 4, 0),
(2411, 126, 381, 3, 4, 0),
(2412, 126, 381, 4, 4, 0),
(2413, 126, 381, 6, 4, 0),
(2414, 126, 381, 7, 4, 0),
(2415, 126, 381, 8, 4, 0),
(2416, 126, 379, 1, 4, 0),
(2417, 126, 379, 2, 4, 0),
(2418, 126, 379, 3, 4, 0),
(2419, 126, 379, 4, 4, 0),
(2420, 126, 379, 6, 4, 0),
(2421, 126, 379, 7, 4, 0),
(2422, 126, 379, 8, 4, 0),
(2423, 127, 384, 1, 4, 0),
(2424, 127, 384, 2, 4, 0),
(2425, 127, 384, 3, 4, 0),
(2426, 127, 384, 4, 4, 0),
(2427, 127, 384, 6, 4, 0),
(2428, 127, 384, 7, 4, 0),
(2429, 127, 384, 8, 4, 0),
(2430, 128, 389, 1, 4, 0),
(2431, 128, 389, 2, 4, 0),
(2432, 128, 389, 3, 4, 0),
(2433, 128, 389, 4, 4, 0),
(2434, 128, 389, 6, 4, 0),
(2435, 128, 389, 7, 4, 0),
(2436, 128, 389, 8, 4, 0),
(2437, 129, 391, 1, 4, 0),
(2438, 129, 391, 2, 4, 0),
(2439, 129, 391, 3, 4, 0),
(2440, 129, 391, 4, 4, 0),
(2441, 129, 391, 6, 4, 0),
(2442, 129, 391, 7, 4, 0),
(2443, 129, 391, 8, 4, 0),
(2444, 130, 394, 1, 4, 1),
(2445, 130, 394, 2, 4, 1),
(2446, 130, 394, 3, 4, 1),
(2447, 130, 394, 4, 4, 1),
(2448, 130, 394, 6, 4, 1),
(2449, 130, 394, 7, 4, 0),
(2450, 130, 394, 8, 4, 0),
(2451, 131, 395, 1, 1, 1),
(2452, 131, 395, 2, 1, 1),
(2453, 131, 395, 3, 1, 1),
(2454, 131, 395, 4, 1, 1),
(2455, 131, 395, 6, 1, 1),
(2456, 131, 395, 7, 1, 0),
(2457, 131, 395, 8, 1, 0),
(2458, 131, 397, 1, 1, 1),
(2459, 131, 397, 2, 1, 1),
(2460, 131, 397, 3, 1, 1),
(2461, 131, 397, 4, 1, 1),
(2462, 131, 397, 6, 1, 1),
(2463, 131, 397, 7, 1, 0),
(2464, 131, 397, 8, 1, 0);

-- --------------------------------------------------------

--
-- Table structure for table `templates_master`
--

DROP TABLE IF EXISTS `templates_master`;
CREATE TABLE IF NOT EXISTS `templates_master` (
  `tem_id` int(11) NOT NULL AUTO_INCREMENT,
  `tem_title` varchar(200) COLLATE latin1_general_ci NOT NULL,
  `tem_des` varchar(250) COLLATE latin1_general_ci NOT NULL,
  `tem_status` char(1) COLLATE latin1_general_ci NOT NULL,
  PRIMARY KEY (`tem_id`)
) ENGINE=MyISAM  DEFAULT CHARSET=latin1 COLLATE=latin1_general_ci AUTO_INCREMENT=3 ;

--
-- Dumping data for table `templates_master`
--

INSERT INTO `templates_master` (`tem_id`, `tem_title`, `tem_des`, `tem_status`) VALUES
(1, 'Home Page Template', 'tmpl/home_page.html', 'A');

/*!40101 SET CHARACTER_SET_CLIENT=@OLD_CHARACTER_SET_CLIENT */;
/*!40101 SET CHARACTER_SET_RESULTS=@OLD_CHARACTER_SET_RESULTS */;
/*!40101 SET COLLATION_CONNECTION=@OLD_COLLATION_CONNECTION */;
